{"BUY": {"time_score": 26.0, "price_score": 8.546900776729423, "in_time": 91.0, "out_time": 7.0}, "CFD": {"time_score": 36.0, "price_score": 10.036543117116157, "in_time": 88.0, "out_time": 20.0}, "COT": {"time_score": 57.0, "price_score": 8.65124060285871, "in_time": 122.0, "out_time": 7.0}, "CRG": {"time_score": 0.0, "price_score": 13.162138164851472, "in_time": 57.0, "out_time": 15.0}, "EGF": {"time_score": 0.0, "price_score": 8.75951879543495, "in_time": 30.0, "out_time": 42.0}, "GRF": {"time_score": 0.0, "price_score": 8.719543491708023, "in_time": 39.0, "out_time": 33.0}, "HDY": {"time_score": 26.0, "price_score": 9.097188499485368, "in_time": 89.0, "out_time": 9.0}, "LDS": {"time_score": 0.0, "price_score": 9.2, "in_time": 72.0, "out_time": 0.0}, "MIK": {"time_score": 0.0, "price_score": 8.246168012653225, "in_time": 20.0, "out_time": 52.0}, "SIE": {"time_score": 15.0, "price_score": 8.019682571621729, "in_time": 4.0, "out_time": 83.0}, "SOM": {"time_score": 43.0, "price_score": 8.840941718835431, "in_time": 48.0, "out_time": 67.0}, "ULL": {"time_score": 8.0, "price_score": 9.683102432769953, "in_time": 4.0, "out_time": 76.0}, "WDS": {"time_score": 38.0, "price_score": 13.941570647643884, "in_time": 99.0, "out_time": 11.0}}