{"ALW": {"time_score": 40.0, "price_score": 34.55859147201384, "in_time": 42.0, "out_time": 51.0}, "BIA": {"time_score": 95.0, "price_score": 19.29863038892347, "in_time": 86.0, "out_time": 62.0}, "BIL": {"time_score": 106.0, "price_score": 30.055334710326537, "in_time": 84.0, "out_time": 75.0}, "BLO": {"time_score": 90.0, "price_score": 22.587490897919402, "in_time": 55.0, "out_time": 88.0}, "BNR": {"time_score": 72.0, "price_score": 9.31142519967592, "in_time": 40.0, "out_time": 85.0}, "BTT": {"time_score": 133.0, "price_score": 40.19350202597726, "in_time": 95.0, "out_time": 91.0}, "CHF": {"time_score": 55.0, "price_score": 15.972647586802058, "in_time": 97.0, "out_time": 11.0}, "CRG": {"time_score": 71.0, "price_score": 24.086968084766532, "in_time": 99.0, "out_time": 25.0}, "CSM": {"time_score": 173.0, "price_score": 22.161632124479084, "in_time": 115.0, "out_time": 111.0}, "CTL": {"time_score": 60.0, "price_score": 19.295573210315183, "in_time": 94.0, "out_time": 19.0}, "DAR": {"time_score": -3.0, "price_score": 7.168611875055807, "in_time": 24.0, "out_time": 26.0}, "DHM": {"time_score": -3.0, "price_score": 6.814550504268237, "in_time": 6.0, "out_time": 44.0}, "DND": {"time_score": 26.0, "price_score": 24.417774495009304, "in_time": 35.0, "out_time": 44.0}, "DNY": {"time_score": 181.0, "price_score": 21.838822501974843, "in_time": 119.0, "out_time": 115.0}, "DOT": {"time_score": 74.0, "price_score": 23.180881033215503, "in_time": 48.0, "out_time": 79.0}, "EAG": {"time_score": 35.0, "price_score": 10.036202025876689, "in_time": 44.0, "out_time": 44.0}, "EBL": {"time_score": 78.0, "price_score": 9.494424933783346, "in_time": 43.0, "out_time": 88.0}, "EGF": {"time_score": 57.0, "price_score": 23.471566615238952, "in_time": 92.0, "out_time": 18.0}, "EGT": {"time_score": 216.0, "price_score": 19.866811350237715, "in_time": 136.0, "out_time": 133.0}, "GLS": {"time_score": 203.0, "price_score": 20.140906002745844, "in_time": 130.0, "out_time": 126.0}, "GMT": {"time_score": 224.0, "price_score": 19.764912337938767, "in_time": 140.0, "out_time": 137.0}, "GRF": {"time_score": 59.0, "price_score": 23.61754141595303, "in_time": 94.0, "out_time": 18.0}, "GTA": {"time_score": 121.0, "price_score": 42.53379747332104, "in_time": 89.0, "out_time": 85.0}, "GYP": {"time_score": 99.0, "price_score": 36.01822492000699, "in_time": 77.0, "out_time": 75.0}, "MLT": {"time_score": 73.0, "price_score": 15.60642015628758, "in_time": 100.0, "out_time": 26.0}, "MSK": {"time_score": 106.0, "price_score": 41.56403863803677, "in_time": 79.0, "out_time": 80.0}, "MTO": {"time_score": 93.0, "price_score": 35.13054246328421, "in_time": 74.0, "out_time": 72.0}, "NAY": {"time_score": 75.0, "price_score": 20.841994923065215, "in_time": 76.0, "out_time": 52.0}, "NCL": {"time_score": 10.0, "price_score": 6.324385427989123, "in_time": 9.0, "out_time": 54.0}, "NNT": {"time_score": 105.0, "price_score": 36.438917795271635, "in_time": 81.0, "out_time": 77.0}, "NRD": {"time_score": 52.0, "price_score": 23.482410897847213, "in_time": 65.0, "out_time": 40.0}, "NTR": {"time_score": -2.0, "price_score": 13.684008067861672, "in_time": 33.0, "out_time": 18.0}, "PNL": {"time_score": 113.0, "price_score": 33.164439101135244, "in_time": 120.0, "out_time": 46.0}, "POP": {"time_score": 37.0, "price_score": 18.2203450523593, "in_time": 82.0, "out_time": 8.0}, "PRU": {"time_score": 78.0, "price_score": 20.74674629460462, "in_time": 38.0, "out_time": 93.0}, "RBS": {"time_score": 235.0, "price_score": 65.05708411335304, "in_time": 179.0, "out_time": 109.0}, "RCC": {"time_score": 88.0, "price_score": 9.483268892466958, "in_time": 69.0, "out_time": 72.0}, "RCE": {"time_score": 94.0, "price_score": 39.76522780835069, "in_time": 72.0, "out_time": 75.0}, "RUS": {"time_score": 254.0, "price_score": 20.36287269190059, "in_time": 153.0, "out_time": 154.0}, "SBE": {"time_score": 85.0, "price_score": 29.553388676262188, "in_time": 106.0, "out_time": 32.0}, "SBK": {"time_score": 99.0, "price_score": 38.408250373618294, "in_time": 87.0, "out_time": 65.0}, "SBY": {"time_score": 92.0, "price_score": 20.618920501659943, "in_time": 114.0, "out_time": 31.0}, "SEA": {"time_score": 101.0, "price_score": 23.1614231291405, "in_time": 54.0, "out_time": 100.0}, "SEB": {"time_score": 85.0, "price_score": 9.707330460925236, "in_time": 46.0, "out_time": 92.0}, "SEC": {"time_score": 113.0, "price_score": 30.37403133470894, "in_time": 78.0, "out_time": 88.0}, "SHD": {"time_score": 83.0, "price_score": 20.26838789825619, "in_time": 80.0, "out_time": 56.0}, "SIE": {"time_score": 66.0, "price_score": 15.566361372724574, "in_time": 102.0, "out_time": 17.0}, "SKS": {"time_score": 121.0, "price_score": 26.787869136854106, "in_time": 71.0, "out_time": 103.0}, "SLB": {"time_score": 116.0, "price_score": 33.09869815821443, "in_time": 84.0, "out_time": 85.0}, "SLH": {"time_score": 244.0, "price_score": 20.254212007933045, "in_time": 148.0, "out_time": 149.0}, "SOM": {"time_score": 136.0, "price_score": 24.200333564599116, "in_time": 141.0, "out_time": 48.0}, "STK": {"time_score": 108.0, "price_score": 26.686560315920577, "in_time": 93.0, "out_time": 68.0}, "SUN": {"time_score": 80.0, "price_score": 17.830763157007613, "in_time": 45.0, "out_time": 88.0}, "TBY": {"time_score": 50.0, "price_score": 9.706225213961, "in_time": 51.0, "out_time": 52.0}, "THI": {"time_score": 17.0, "price_score": 18.680484818651777, "in_time": 54.0, "out_time": 16.0}, "ULL": {"time_score": 51.0, "price_score": 16.339006441987312, "in_time": 93.0, "out_time": 11.0}, "WET": {"time_score": 115.0, "price_score": 29.475545866817047, "in_time": 116.0, "out_time": 52.0}, "WTB": {"time_score": 264.0, "price_score": 21.00264888099298, "in_time": 159.0, "out_time": 158.0}, "WYM": {"time_score": 102.0, "price_score": 22.038553728442274, "in_time": 61.0, "out_time": 94.0}, "YRK": {"time_score": 0.0, "price_score": 6.7, "in_time": 53.0, "out_time": 0.0}, "YRM": {"time_score": 73.0, "price_score": 13.342831433000123, "in_time": 85.0, "out_time": 41.0}}