{"APN": {"time_score": 112.0, "price_score": 32.49457406680586, "in_time": 53.0, "out_time": 137.0}, "BDQ": {"time_score": 65.0, "price_score": 25.182148758223455, "in_time": 119.0, "out_time": 24.0}, "BEY": {"time_score": 68.0, "price_score": 16.757487783215883, "in_time": 120.0, "out_time": 26.0}, "BGH": {"time_score": 124.0, "price_score": 23.035120008867533, "in_time": 143.0, "out_time": 59.0}, "BIA": {"time_score": 107.0, "price_score": 60.767174987556764, "in_time": 86.0, "out_time": 99.0}, "BIL": {"time_score": 128.0, "price_score": 64.65302827613218, "in_time": 84.0, "out_time": 122.0}, "BIY": {"time_score": 54.0, "price_score": 25.765254767784132, "in_time": 111.0, "out_time": 21.0}, "BLD": {"time_score": 71.0, "price_score": 73.43472446226767, "in_time": 122.0, "out_time": 27.0}, "BLE": {"time_score": 32.0, "price_score": 23.131854699572884, "in_time": 101.0, "out_time": 9.0}, "BUW": {"time_score": 59.0, "price_score": 17.550658739080873, "in_time": 116.0, "out_time": 21.0}, "CRB": {"time_score": 161.0, "price_score": 31.526160049606037, "in_time": 80.0, "out_time": 159.0}, "CRG": {"time_score": 28.0, "price_score": 26.40924411032881, "in_time": 99.0, "out_time": 7.0}, "DRT": {"time_score": 102.0, "price_score": 20.404861758240045, "in_time": 142.0, "out_time": 38.0}, "EAG": {"time_score": 38.0, "price_score": 14.90356776851874, "in_time": 44.0, "out_time": 72.0}, "EBL": {"time_score": 83.0, "price_score": 16.215960989046348, "in_time": 43.0, "out_time": 118.0}, "EGF": {"time_score": 28.0, "price_score": 26.071179262266384, "in_time": 92.0, "out_time": 14.0}, "EGT": {"time_score": 216.0, "price_score": 28.590847997360733, "in_time": 136.0, "out_time": 158.0}, "FEA": {"time_score": 78.0, "price_score": 20.600523439224588, "in_time": 124.0, "out_time": 32.0}, "FZH": {"time_score": 58.0, "price_score": 25.758560703219622, "in_time": 115.0, "out_time": 21.0}, "FZW": {"time_score": 58.0, "price_score": 19.818969178546162, "in_time": 110.0, "out_time": 26.0}, "GGV": {"time_score": 109.0, "price_score": 30.194303006650603, "in_time": 143.0, "out_time": 44.0}, "GIG": {"time_score": 147.0, "price_score": 28.038295578128945, "in_time": 161.0, "out_time": 64.0}, "GLH": {"time_score": 99.0, "price_score": 21.136209971326892, "in_time": 149.0, "out_time": 28.0}, "GLS": {"time_score": 203.0, "price_score": 28.727026317615884, "in_time": 130.0, "out_time": 151.0}, "GMT": {"time_score": 224.0, "price_score": 28.741383933864185, "in_time": 140.0, "out_time": 162.0}, "GRF": {"time_score": 26.0, "price_score": 26.186726731522278, "in_time": 94.0, "out_time": 10.0}, "GSD": {"time_score": 224.0, "price_score": 24.319953246812407, "in_time": 216.0, "out_time": 86.0}, "GSY": {"time_score": 46.0, "price_score": 21.951983800259278, "in_time": 110.0, "out_time": 14.0}, "GTA": {"time_score": 121.0, "price_score": 55.739079094767746, "in_time": 89.0, "out_time": 110.0}, "GYP": {"time_score": 99.0, "price_score": 59.97916731714484, "in_time": 77.0, "out_time": 100.0}, "HBD": {"time_score": 122.0, "price_score": 23.910915293702196, "in_time": 156.0, "out_time": 44.0}, "HBP": {"time_score": 69.0, "price_score": 13.814327739820833, "in_time": 115.0, "out_time": 32.0}, "HDY": {"time_score": 34.0, "price_score": 24.119178325618627, "in_time": 103.0, "out_time": 9.0}, "HEI": {"time_score": 80.0, "price_score": 53.04225052716768, "in_time": 73.0, "out_time": 85.0}, "HEL": {"time_score": 145.0, "price_score": 37.995563219568275, "in_time": 174.0, "out_time": 49.0}, "HEW": {"time_score": 59.0, "price_score": 26.114304355815072, "in_time": 31.0, "out_time": 106.0}, "HFX": {"time_score": 86.0, "price_score": 23.516890080965208, "in_time": 131.0, "out_time": 33.0}, "HGT": {"time_score": 64.0, "price_score": 13.949080713207193, "in_time": 111.0, "out_time": 31.0}, "HIR": {"time_score": 183.0, "price_score": 18.949855879448723, "in_time": 194.0, "out_time": 67.0}, "HLD": {"time_score": 161.0, "price_score": 26.517926182235087, "in_time": 188.0, "out_time": 51.0}, "HMM": {"time_score": 65.0, "price_score": 21.78030131718599, "in_time": 90.0, "out_time": 53.0}, "HPL": {"time_score": 97.0, "price_score": 64.50665025465919, "in_time": 74.0, "out_time": 101.0}, "HRS": {"time_score": 41.0, "price_score": 24.840489878412317, "in_time": 108.0, "out_time": 11.0}, "HUD": {"time_score": 68.0, "price_score": 30.70857782840042, "in_time": 112.0, "out_time": 34.0}, "ILK": {"time_score": 77.0, "price_score": 18.44497613098589, "in_time": 127.0, "out_time": 28.0}, "JCH": {"time_score": 89.0, "price_score": 61.69396266712603, "in_time": 72.0, "out_time": 95.0}, "KEI": {"time_score": 68.0, "price_score": 26.29314883317755, "in_time": 118.0, "out_time": 28.0}, "KLD": {"time_score": 151.0, "price_score": 31.157835783496964, "in_time": 104.0, "out_time": 125.0}, "KLF": {"time_score": 44.0, "price_score": 61.47336701009809, "in_time": 114.0, "out_time": 8.0}, "KNA": {"time_score": 69.0, "price_score": 13.94666608350358, "in_time": 102.0, "out_time": 45.0}, "KNO": {"time_score": 96.0, "price_score": 21.078598332734018, "in_time": 137.0, "out_time": 37.0}, "KSW": {"time_score": 207.0, "price_score": 22.298290840885954, "in_time": 185.0, "out_time": 100.0}, "LCK": {"time_score": 111.0, "price_score": 31.49721158160204, "in_time": 138.0, "out_time": 51.0}, "LDS": {"time_score": 0.0, "price_score": 8.2, "in_time": 78.0, "out_time": 0.0}, "LGK": {"time_score": 118.0, "price_score": 27.6291876672525, "in_time": 75.0, "out_time": 121.0}, "LHM": {"time_score": 193.0, "price_score": 30.262108154072674, "in_time": 125.0, "out_time": 146.0}, "LMR": {"time_score": 87.0, "price_score": 66.75662232511375, "in_time": 135.0, "out_time": 30.0}, "LPR": {"time_score": 170.0, "price_score": 30.383850653059035, "in_time": 191.0, "out_time": 57.0}, "MAS": {"time_score": 78.0, "price_score": 63.49738827436083, "in_time": 44.0, "out_time": 112.0}, "MBR": {"time_score": 64.0, "price_score": 13.971584697764955, "in_time": 59.0, "out_time": 83.0}, "MCE": {"time_score": 67.0, "price_score": 29.84086072751156, "in_time": 26.0, "out_time": 119.0}, "MIK": {"time_score": 28.0, "price_score": 25.985970662741178, "in_time": 88.0, "out_time": 18.0}, "MIR": {"time_score": 72.0, "price_score": 9.768252486589288, "in_time": 114.0, "out_time": 36.0}, "MLT": {"time_score": 104.0, "price_score": 19.942445106193674, "in_time": 100.0, "out_time": 82.0}, "MLY": {"time_score": 85.0, "price_score": 21.961309883574472, "in_time": 143.0, "out_time": 20.0}, "MNN": {"time_score": 53.0, "price_score": 20.398970448832785, "in_time": 114.0, "out_time": 17.0}, "MSK": {"time_score": 125.0, "price_score": 27.69444023908062, "in_time": 79.0, "out_time": 124.0}, "MTO": {"time_score": 93.0, "price_score": 61.51913116871722, "in_time": 74.0, "out_time": 97.0}, "MYT": {"time_score": 123.0, "price_score": 23.71990167134388, "in_time": 153.0, "out_time": 48.0}, "NAY": {"time_score": 87.0, "price_score": 57.62723982783501, "in_time": 76.0, "out_time": 89.0}, "NCL": {"time_score": 19.0, "price_score": 9.11705831331766, "in_time": 9.0, "out_time": 88.0}, "NEL": {"time_score": 321.0, "price_score": 83.97895923294881, "in_time": 273.0, "out_time": 126.0}, "NNT": {"time_score": 105.0, "price_score": 60.66158956340302, "in_time": 81.0, "out_time": 102.0}, "NOR": {"time_score": 42.0, "price_score": 20.992657322886746, "in_time": 93.0, "out_time": 27.0}, "NPD": {"time_score": 38.0, "price_score": 25.34439094804636, "in_time": 105.0, "out_time": 11.0}, "NRD": {"time_score": 64.0, "price_score": 42.218040407738116, "in_time": 65.0, "out_time": 77.0}, "NTR": {"time_score": -1.0, "price_score": 12.24230481174612, "in_time": 33.0, "out_time": 44.0}, "OUT": {"time_score": 29.0, "price_score": 21.279028393249956, "in_time": 96.0, "out_time": 11.0}, "PFM": {"time_score": 81.0, "price_score": 20.947164782780657, "in_time": 126.0, "out_time": 33.0}, "PFR": {"time_score": 116.0, "price_score": 23.81961061319153, "in_time": 115.0, "out_time": 79.0}, "PNL": {"time_score": 69.0,