{"ALW": {"time_score": 47.0, "price_score": 49.00385699377074, "in_time": 13.0, "out_time": 89.0}, "APY": {"time_score": 49.0, "price_score": 31.397322956062023, "in_time": 92.0, "out_time": 12.0}, "BDI": {"time_score": 53.0, "price_score": 23.654802994468746, "in_time": 88.0, "out_time": 20.0}, "BDQ": {"time_score": 64.0, "price_score": 23.846202145761733, "in_time": 95.0, "out_time": 24.0}, "BIY": {"time_score": 52.0, "price_score": 21.261645298947528, "in_time": 86.0, "out_time": 21.0}, "BLE": {"time_score": 31.0, "price_score": 18.244792110241576, "in_time": 77.0, "out_time": 9.0}, "BTL": {"time_score": 90.0, "price_score": 21.28398480434307, "in_time": 107.0, "out_time": 38.0}, "BTT": {"time_score": 124.0, "price_score": 54.11124057666073, "in_time": 63.0, "out_time": 116.0}, "BUW": {"time_score": 58.0, "price_score": 12.227725879179001, "in_time": 92.0, "out_time": 21.0}, "BUY": {"time_score": 27.0, "price_score": 18.41661342124079, "in_time": 75.0, "out_time": 7.0}, "CEY": {"time_score": 85.0, "price_score": 21.86021057717126, "in_time": 103.0, "out_time": 37.0}, "JCH": {"time_score": 80.0, "price_score": 47.204795693332095, "in_time": 40.0, "out_time": 95.0}, "KNA": {"time_score": 50.0, "price_score": 9.50854647679973, "in_time": 60.0, "out_time": 45.0}, "LDS": {"time_score": 0.0, "price_score": 6.2, "in_time": 55.0, "out_time": 0.0}, "LMR": {"time_score": 86.0, "price_score": 54.661903972447384, "in_time": 111.0, "out_time": 30.0}, "MBR": {"time_score": 56.0, "price_score": 9.522635779479003, "in_time": 28.0, "out_time": 83.0}, "MIK": {"time_score": 17.0, "price_score": 48.76201653549438, "in_time": 54.0, "out_time": 18.0}, "MIR": {"time_score": 70.0, "price_score": 7.768987932292467, "in_time": 89.0, "out_time": 36.0}, "MLY": {"time_score": 54.0, "price_score": 16.932253424575237, "in_time": 89.0, "out_time": 20.0}, "MNN": {"time_score": 52.0, "price_score": 14.228120877466319, "in_time": 90.0, "out_time": 17.0}, "MTO": {"time_score": 85.0, "price_score": 47.68711126977052, "in_time": 43.0, "out_time": 97.0}, "NAY": {"time_score": 48.0, "price_score": 14.767853347380555, "in_time": 14.0, "out_time": 89.0}, "NNT": {"time_score": 96.0, "price_score": 48.75194219225188, "in_time": 49.0, "out_time": 102.0}, "NOR": {"time_score": 40.0, "price_score": 15.914297903134178, "in_time": 68.0, "out_time": 27.0}, "NPD": {"time_score": 37.0, "price_score": 24.09539489632401, "in_time": 81.0, "out_time": 11.0}, "NRD": {"time_score": 25.0, "price_score": 48.15359429527389, "in_time": 3.0, "out_time": 77.0}, "NTR": {"time_score": -2.0, "price_score": 8.360441278136925, "in_time": 9.0, "out_time": 44.0}, "OUT": {"time_score": 34.0, "price_score": 16.204427074860853, "in_time": 78.0, "out_time": 11.0}, "PFM": {"time_score": 79.0, "price_score": 11.651882115803025, "in_time": 101.0, "out_time": 33.0}, "PNL": {"time_score": 50.0, "price_score": 9.35563363417688, "in_time": 78.0, "out_time": 27.0}, "POP": {"time_score": 26.0, "price_score": 21.061123625980105, "in_time": 41.0, "out_time": 40.0}, "POT": {"time_score": 86.0, "price_score": 15.794853181644564, "in_time": 104.0, "out_time": 37.0}, "RVN": {"time_score": 144.0, "price_score": 13.897565755482933, "in_time": 139.0, "out_time": 60.0}, "SAE": {"time_score": 44.0, "price_score": 21.900080756448858, "in_time": 82.0, "out_time": 17.0}, "SBE": {"time_score": 50.0, "price_score": 9.978428264404394, "in_time": 64.0, "out_time": 41.0}, "SHC": {"time_score": 70.0, "price_score": 15.455643299474188, "in_time": 96.0, "out_time": 29.0}, "SHD": {"time_score": 56.0, "price_score": 13.025704355472046, "in_time": 18.0, "out_time": 93.0}, "SHY": {"time_score": 40.0, "price_score": 21.7258138501994, "in_time": 79.0, "out_time": 16.0}, "SIE": {"time_score": 50.0, "price_score": 11.73314798947367, "in_time": 50.0, "out_time": 55.0}, "SKI": {"time_score": 91.0, "price_score": 18.137576589827226, "in_time": 104.0, "out_time": 42.0}, "SNA": {"time_score": 51.0, "price_score": 15.21811720853367, "in_time": 86.0, "out_time": 20.0}, "SOM": {"time_score": 77.0, "price_score": 21.715648337520268, "in_time": 107.0, "out_time": 25.0}, "SON": {"time_score": 75.0, "price_score": 23.03444237488348, "in_time": 98.0, "out_time": 32.0}, "STK": {"time_score": 106.0, "price_score": 46.150179858939055, "in_time": 46.0, "out_time": 115.0}, "TBY": {"time_score": 43.0, "price_score": 9.772082814790963, "in_time": 21.0, "out_time": 77.0}, "THI": {"time_score": 19.0, "price_score": 10.384275911180683, "in_time": 31.0, "out_time": 43.0}, "ULL": {"time_score": 21.0, "price_score": 12.7283719263541, "in_time": 48.0, "out_time": 28.0}, "WDS": {"time_score": 39.0, "price_score": 12.530033705700424, "in_time": 83.0, "out_time": 11.0}, "WET": {"time_score": 51.0, "price_score": 11.934619061009164, "in_time": 84.0, "out_time": 22.0}, "WKF": {"time_score": 29.0, "price_score": 15.45956513073644, "in_time": 71.0, "out_time": 13.0}, "WKK": {"time_score": 40.0, "price_score": 12.055287575824472, "in_time": 78.0, "out_time": 17.0}, "YRK": {"time_score": -5.0, "price_score": 6.067349356097489, "in_time": 26.0, "out_time": 24.0}, "YRM": {"time_score": 50.0, "price_score": 9.65053469379656, "in_time": 38.0, "out_time": 67.0}}