{"ALW": {"time_score": 38.0, "price_score": 23.192558206832352, "in_time": 13.0, "out_time": 51.0}, "BIL": {"time_score": 103.0, "price_score": 20.462373550878677, "in_time": 54.0, "out_time": 75.0}, "DND": {"time_score": 24.0, "price_score": 16.155308390745937, "in_time": 6.0, "out_time": 44.0}, "EAG": {"time_score": 33.0, "price_score": 6.7477406884671485, "in_time": 15.0, "out_time": 44.0}, "GTA": {"time_score": 116.0, "price_score": 33.233493603808405, "in_time": 57.0, "out_time": 85.0}, "GYP": {"time_score": 95.0, "price_score": 24.803796237902084, "in_time": 46.0, "out_time": 75.0}, "HBP": {"time_score": 88.0, "price_score": 19.28316877061897, "in_time": 73.0, "out_time": 41.0}, "HEI": {"time_score": 33.0, "price_score": 14.046413501895008, "in_time": 11.0, "out_time": 48.0}, "HGT": {"time_score": 80.0, "price_score": 16.87313807867274, "in_time": 69.0, "out_time": 37.0}, "HMM": {"time_score": 37.0, "price_score": 18.219623472284496, "in_time": 48.0, "out_time": 15.0}, "JCH": {"time_score": 84.0, "price_score": 25.596506486012274, "in_time": 40.0, "out_time": 70.0}, "KLD": {"time_score": 146.0, "price_score": 34.8339991796496, "in_time": 72.0, "out_time": 100.0}, "KNA": {"time_score": 61.0, "price_score": 14.110364680985263, "in_time": 60.0, "out_time": 27.0}, "MBR": {"time_score": 60.0, "price_score": 6.562115269181467, "in_time": 28.0, "out_time": 58.0}, "MLT": {"time_score": 66.0, "price_score": 27.17568672657309, "in_time": 66.0, "out_time": 26.0}, "MTO": {"time_score": 89.0, "price_score": 24.131731933099633, "in_time": 43.0, "out_time": 72.0}, "NAY": {"time_score": 40.0, "price_score": 12.475886043720825, "in_time": 14.0, "out_time": 52.0}, "NNT": {"time_score": 100.0, "price_score": 25.12824786642725, "in_time": 49.0, "out_time": 77.0}, "NRD": {"time_score": 17.0, "price_score": 15.40685236063363, "in_time": 3.0, "out_time": 40.0}, "NTR": {"time_score": 1.0, "price_score": 8.900414576269082, "in_time": 9.0, "out_time": 18.0}, "YRK": {"time_score": 0.0, "price_score": 4.7, "in_time": 26.0, "out_time": 0.0}}