{"BIA": {"time_score": 81.0, "price_score": 17.779867138763933, "in_time": 63.0, "out_time": 62.0}, "BIL": {"time_score": 112.0, "price_score": 27.918750576076683, "in_time": 81.0, "out_time": 75.0}, "BTT": {"time_score": 135.0, "price_score": 43.370280312185145, "in_time": 88.0, "out_time": 91.0}, "CHF": {"time_score": 32.0, "price_score": 14.733756568465573, "in_time": 65.0, "out_time": 11.0}, "CLS": {"time_score": 14.0, "price_score": 6.199194148833423, "in_time": 5.0, "out_time": 53.0}, "COM": {"time_score": 169.0, "price_score": 45.789767198127194, "in_time": 105.0, "out_time": 108.0}, "CSM": {"time_score": 175.0, "price_score": 43.72574197773006, "in_time": 108.0, "out_time": 111.0}, "CTL": {"time_score": 45.0, "price_score": 19.51915216424578, "in_time": 70.0, "out_time": 19.0}, "DAR": {"time_score": -2.0, "price_score": 6.606768617402663, "in_time": 16.0, "out_time": 26.0}, "DND": {"time_score": 28.0, "price_score": 22.547268495383186, "in_time": 28.0, "out_time": 44.0}, "DNY": {"time_score": 183.0, "price_score": 44.990406538117085, "in_time": 112.0, "out_time": 115.0}, "DOT": {"time_score": 66.0, "price_score": 21.444593578727915, "in_time": 31.0, "out_time": 79.0}, "EAG": {"time_score": 37.0, "price_score": 9.298597350458818, "in_time": 37.0, "out_time": 44.0}, "EBL": {"time_score": 87.0, "price_score": 8.81366930650808, "in_time": 43.0, "out_time": 88.0}, "EGT": {"time_score": 218.0, "price_score": 41.622150439636115, "in_time": 129.0, "out_time": 133.0}, "GLS": {"time_score": 205.0, "price_score": 42.31554165082087, "in_time": 123.0, "out_time": 126.0}, "GMT": {"time_score": 226.0, "price_score": 42.894599479336065, "in_time": 133.0, "out_time": 137.0}, "GTA": {"time_score": 123.0, "price_score": 44.59524588596152, "in_time": 82.0, "out_time": 85.0}, "GYP": {"time_score": 102.0, "price_score": 33.53615284249678, "in_time": 71.0, "out_time": 75.0}, "MSK": {"time_score": 109.0, "price_score": 38.890586273928776, "in_time": 73.0, "out_time": 80.0}, "MTO": {"time_score": 96.0, "price_score": 32.692851582734974, "in_time": 68.0, "out_time": 72.0}, "NAY": {"time_score": 61.0, "price_score": 19.222471449177707, "in_time": 53.0, "out_time": 52.0}, "NNT": {"time_score": 107.0, "price_score": 33.93742543272926, "in_time": 74.0, "out_time": 77.0}, "NRD": {"time_score": 38.0, "price_score": 21.645224836517727, "in_time": 42.0, "out_time": 40.0}, "NTR": {"time_score": 2.0, "price_score": 9.117479499558893, "in_time": 28.0, "out_time": 18.0}, "PNL": {"time_score": 98.0, "price_score": 33.7122492750791, "in_time": 96.0, "out_time": 46.0}, "POP": {"time_score": 23.0, "price_score": 18.27979398661562, "in_time": 59.0, "out_time": 8.0}, "RBS": {"time_score": 238.0, "price_score": 60.70392914146187, "in_time": 173.0, "out_time": 109.0}, "RCC": {"time_score": 91.0, "price_score": 8.859131904105618, "in_time": 63.0, "out_time": 72.0}, "RCE": {"time_score": 97.0, "price_score": 37.168252884899246, "in_time": 66.0, "out_time": 75.0}, "RUS": {"time_score": 256.0, "price_score": 44.18595630544755, "in_time": 146.0, "out_time": 154.0}, "SBE": {"time_score": 70.0, "price_score": 25.896610723192392, "in_time": 82.0, "out_time": 32.0}, "SBK": {"time_score": 100.0, "price_score": 35.771949815423895, "in_time": 79.0, "out_time": 65.0}, "SEA": {"time_score": 107.0, "price_score": 21.515761931981334, "in_time": 51.0, "out_time": 100.0}, "SEB": {"time_score": 94.0, "price_score": 9.015518993414293, "in_time": 46.0, "out_time": 92.0}, "SEC": {"time_score": 118.0, "price_score": 28.279569718299314, "in_time": 74.0, "out_time": 88.0}, "SHD": {"time_score": 69.0, "price_score": 18.67893229640751, "in_time": 57.0, "out_time": 56.0}, "SIE": {"time_score": 42.0, "price_score": 14.336114610474935, "in_time": 69.0, "out_time": 17.0}, "SLB": {"time_score": 119.0, "price_score": 31.01363182085448, "in_time": 78.0, "out_time": 85.0}, "SLH": {"time_score": 246.0, "price_score": 43.979563522374455, "in_time": 141.0, "out_time": 149.0}, "SOM": {"time_score": 122.0, "price_score": 23.873246145238287, "in_time": 118.0, "out_time": 48.0}, "STK": {"time_score": 111.0, "price_score": 32.474269950746795, "in_time": 87.0, "out_time": 68.0}, "SUN": {"time_score": 88.0, "price_score": 16.559135257548196, "in_time": 44.0, "out_time": 88.0}, "TBY": {"time_score": 53.0, "price_score": 9.007563916909248, "in_time": 45.0, "out_time": 52.0}, "THI": {"time_score": 19.0, "price_score": 17.162666280272813, "in_time": 47.0, "out_time": 16.0}, "ULL": {"time_score": 34.0, "price_score": 15.090790346340734, "in_time": 67.0, "out_time": 11.0}, "WET": {"time_score": 109.0, "price_score": 22.708575436315687, "in_time": 101.0, "out_time": 52.0}, "YRK": {"time_score": 0.0, "price_score": 6.3, "in_time": 44.0, "out_time": 0.0}, "YRM": {"time_score": 74.0, "price_score": 12.355650565689638, "in_time": 77.0, "out_time": 41.0}}