{"APY": {"time_score": 49.0, "price_score": 40.94499574632778, "in_time": 110.0, "out_time": 12.0}, "CSM": {"time_score": 171.0, "price_score": 64.66089181493386, "in_time": 108.0, "out_time": 136.0}, "CTL": {"time_score": 48.0, "price_score": 22.196329532960064, "in_time": 70.0, "out_time": 51.0}, "DAR": {"time_score": -2.0, "price_score": 8.418569906004857, "in_time": 16.0, "out_time": 55.0}, "DEW": {"time_score": 82.0, "price_score": 11.321376848999508, "in_time": 125.0, "out_time": 30.0}, "DHN": {"time_score": 111.0, "price_score": 22.280115687925303, "in_time": 129.0, "out_time": 55.0}, "DND": {"time_score": 38.0, "price_score": 25.62546455938444, "in_time": 28.0, "out_time": 83.0}, "DNT": {"time_score": 182.0, "price_score": 23.66812538624567, "in_time": 172.0, "out_time": 83.0}, "DNY": {"time_score": 179.0, "price_score": 67.49589300157459, "in_time": 112.0, "out_time": 140.0}, "DOT": {"time_score": 84.0, "price_score": 28.445927470430764, "in_time": 31.0, "out_time": 126.0}, "EAG": {"time_score": 36.0, "price_score": 13.85444486086384, "in_time": 37.0, "out_time": 72.0}, "EBL": {"time_score": 88.0, "price_score": 15.069534047464321, "in_time": 43.0, "out_time": 118.0}, "EGF": {"time_score": 27.0, "price_score": 26.05177886426329, "in_time": 86.0, "out_time": 14.0}, "EGT": {"time_score": 214.0, "price_score": 64.60468137700653, "in_time": 129.0, "out_time": 158.0}, "FEA": {"time_score": 77.0, "price_score": 20.436605218557037, "in_time": 118.0, "out_time": 32.0}, "FZH": {"time_score": 55.0, "price_score": 18.929644121955796, "in_time": 107.0, "out_time": 21.0}, "FZW": {"time_score": 63.0, "price_score": 19.61141344735907, "in_time": 110.0, "out_time": 26.0}, "GGV": {"time_score": 101.0, "price_score": 27.885399050642945, "in_time": 130.0, "out_time": 44.0}, "GIG": {"time_score": 139.0, "price_score": 25.90532948495565, "in_time": 148.0, "out_time": 64.0}, "GLH": {"time_score": 45.0, "price_score": 15.225880069906085, "in_time": 90.0, "out_time": 28.0}, "GLS": {"time_score": 201.0, "price_score": 64.98991028706646, "in_time": 123.0, "out_time": 151.0}, "GRF": {"time_score": 23.0, "price_score": 22.080300667811215, "in_time": 86.0, "out_time": 10.0}, "GSD": {"time_score": 190.0, "price_score": 22.529080531438773, "in_time": 177.0, "out_time": 86.0}, "GSY": {"time_score": 45.0, "price_score": 20.31053654033871, "in_time": 104.0, "out_time": 14.0}, "GTA": {"time_score": 119.0, "price_score": 64.17396551547787, "in_time": 82.0, "out_time": 110.0}, "GYP": {"time_score": 98.0, "price_score": 66.14138420114664, "in_time": 71.0, "out_time": 100.0}, "HBD": {"time_score": 109.0, "price_score": 23.84662917920706, "in_time": 138.0, "out_time": 44.0}, "HBP": {"time_score": 50.0, "price_score": 12.837866844337455, "in_time": 91.0, "out_time": 32.0}, "HDY": {"time_score": 32.0, "price_score": 22.421633768407208, "in_time": 96.0, "out_time": 9.0}, "HEI": {"time_score": 61.0, "price_score": 41.53674511422248, "in_time": 49.0, "out_time": 85.0}, "HEW": {"time_score": 62.0, "price_score": 24.262368543081205, "in_time": 29.0, "out_time": 106.0}, "HFX": {"time_score": 83.0, "price_score": 23.418213182660384, "in_time": 123.0, "out_time": 33.0}, "HGT": {"time_score": 45.0, "price_score": 12.961435162597866, "in_time": 87.0, "out_time": 31.0}, "HIR": {"time_score": 148.0, "price_score": 17.532017488082, "in_time": 154.0, "out_time": 67.0}, "HLD": {"time_score": 116.0, "price_score": 24.48538939610012, "in_time": 138.0, "out_time": 51.0}, "HMM": {"time_score": 46.0, "price_score": 22.155087451228766, "in_time": 66.0, "out_time": 53.0}, "HPL": {"time_score": 97.0, "price_score": 59.979212592110635, "in_time": 69.0, "out_time": 101.0}, "HRS": {"time_score": 39.0, "price_score": 15.6435132775336, "in_time": 101.0, "out_time": 11.0}, "HUD": {"time_score": 67.0, "price_score": 26.86648069373551, "in_time": 106.0, "out_time": 34.0}, "ILK": {"time_score": 76.0, "price_score": 17.06452777619829, "in_time": 121.0, "out_time": 28.0}, "JCH": {"time_score": 87.0, "price_score": 64.43783755918037, "in_time": 65.0, "out_time": 95.0}, "KEI": {"time_score": 65.0, "price_score": 22.890855673356263, "in_time": 110.0, "out_time": 28.0}, "KLD": {"time_score": 149.0, "price_score": 63.550180653996534, "in_time": 97.0, "out_time": 125.0}, "KLF": {"time_score": 43.0, "price_score": 42.24426176082808, "in_time": 108.0, "out_time": 8.0}, "KNA": {"time_score": 50.0, "price_score": 12.967482199308158, "in_time": 78.0, "out_time": 45.0}, "KNO": {"time_score": 65.0, "price_score": 15.17908726194714, "in_time": 101.0, "out_time": 37.0}, "KSW": {"time_score": 203.0, "price_score": 20.66598987651049, "in_time": 176.0, "out_time": 100.0}, "LCK": {"time_score": 109.0, "price_score": 31.202270685526855, "in_time": 131.0, "out_time": 51.0}, "LDS": {"time_score": 0.0, "price_score": 8.0, "in_time": 73.0, "out_time": 0.0}, "LGK": {"time_score": 118.0, "price_score": 25.70418868235196, "in_time": 70.0, "out_time": 121.0}, "LHM": {"time_score": 191.0, "price_score": 69.26182701119454, "in_time": 118.0, "out_time": 146.0}, "LMR": {"time_score": 77.0, "price_score": 66.5835439194152, "in_time": 120.0, "out_time": 30.0}, "LPR": {"time_score": 125.0, "price_score": 28.05297132637856, "in_time": 141.0, "out_time": 57.0}, "MAS": {"time_score": 66.0, "price_score": 32.52375517673061, "in_time": 27.0, "out_time": 112.0}, "MBR": {"time_score": 62.0, "price_score": 12.99147180094232, "in_time": 52.0, "out_time": 83.0}, "MCE": {"time_score": 75.0, "price_score": 27.71942029372744, "in_time": 29.0, "out_time": 119.0}, "MIK": {"time_score": 27.0, "price_score": 25.957871816721806, "in_time": 82.0, "out_time": 18.0}, "MIR": {"time_score": 70.0, "price_score": 9.694071925781065, "in_time": 107.0, "out_time": 36.0}, "MLT": {"time_score": 102.0, "price_score": 20.612448263377722, "in_time": 93.0, "out_time": 82.0}, "MLY": {"time_score": 54.0, "price_score": 21.894706562263565, "in_time": 107.0, "out_time": 20.0}, "MNN": {"time_score": 52.0, "price_score": 18.87893835469035, "in_time": 108.0, "out_time": 17.0}, "MSK": {"time_score": 124.0, "price_score": 25.765742150947997, "in_time": 73.0, "out_time": 124.0}, "MTO": {"time_score": 92.0, "price_score": 65.11028758403968, "in_time": 68.0, "out_time": 97.0}, "MYT": {"time_score": 110.0, "price_score": 23.640978398490574, "in_time": 135.0, "out_time": 48.0}, "NAY": {"time_score": 69.0, "price_score": 45.759581204877726, "in_time": 53.0, "out_time": 89.0}, "NCL": {"time_score": 27.0, "price_score": 8.469621820390776, "in_time": 12.0, "out_time": 88.0}, "NNT": {"time_score": 103.0, "price_score": 66.60403187608296, "in_time": 74.0, "out_time": 102.0}, "NOR": {"time_score": 40.0, "price_score": 20.855101433101268, "in_time": 86.0, "out_time": 27.0}, "NPD": {"time_score": 37.0, "price_score": 25.370353721874185, "in_time": 99.0, "out_time": 11.0}, "NRD": {"time_score": 46.0, "price_score": 28.692777610296137, "in_time": 42.0, "out_time": 77.0}, "NTR": {"time_score": -1.0, "price_score": 10.326702859043973, "in_time": 28.0, "out_time": 44.0}, "OUT": {"time_score": 34.0, "price_score": 21.16315558317135, "in_time": 96.0, "out_time": 11.0}, "PFM": {"time_score": 79.0, "price_score": 15.079207741435484, "in_time": 119.0, "out_time": 33.0}, "PFR": {"time_score": 95.0, "price_score": 17.146876014802878, "in_time": 89.0, "out_time": 79.0}, "PNL": {"time_score": 50.0, "price_score": 12.716927893891752, "in_time": 96.0, "out_time": 27.0}, "POP": {"time_score": 26.0, "price_score": 21.561652500994533, "in_time": 59.0, "out_time": 40.0}, "POT": {"time_score": 78.0, "price_score": 20.7120561183817, "in_time": 114.0, "out_time": 37.0}, "RBS": {"time_score": 239.0, "price_score": 47.26229049783314, "in_time": 173.0, "out_time": 139.0}, "RCC": {"time_score": 95.0, "price_score": 12.421950125475126, "in_time": 63.0, "out_time": 105.0}, "RCE": {"time_score": 111.0, "price_score": 25.062401031057593, "in_time": 66.0, "out_time": 118.0}, "RHD": {"time_score": 162.0,