{"GYP": {"time_score": 58.0, "price_score": 22.428836998780667, "in_time": 31.0, "out_time": 74.0}, "JCH": {"time_score": 47.0, "price_score": 23.261266495302145, "in_time": 25.0, "out_time": 69.0}, "KLD": {"time_score": 110.0, "price_score": 30.766785485527997, "in_time": 58.0, "out_time": 99.0}, "KNA": {"time_score": 72.0, "price_score": 23.96196524323017, "in_time": 92.0, "out_time": 27.0}, "LGK": {"time_score": 66.0, "price_score": 20.91676862762997, "in_time": 29.0, "out_time": 84.0}, "MBR": {"time_score": 23.0, "price_score": 5.9856213806667995, "in_time": 13.0, "out_time": 57.0}, "MLT": {"time_score": 74.0, "price_score": 17.96433365590506, "in_time": 95.0, "out_time": 26.0}, "MTO": {"time_score": 52.0, "price_score": 21.894247153262835, "in_time": 28.0, "out_time": 71.0}, "NNT": {"time_score": 63.0, "price_score": 22.68046668560849, "in_time": 34.0, "out_time": 76.0}, "NRD": {"time_score": 15.0, "price_score": 14.113121399579871, "in_time": 22.0, "out_time": 40.0}, "NTR": {"time_score": -11.0, "price_score": 14.245103962355515, "in_time": 17.0, "out_time": 19.0}, "POP": {"time_score": 32.0, "price_score": 22.57841537178661, "in_time": 72.0, "out_time": 7.0}, "SBE": {"time_score": 81.0, "price_score": 26.90901865381063, "in_time": 96.0, "out_time": 32.0}, "SBK": {"time_score": 54.0, "price_score": 20.65462260406734, "in_time": 30.0, "out_time": 71.0}, "STK": {"time_score": 40.0, "price_score": 21.928167356650174, "in_time": 16.0, "out_time": 71.0}, "TBY": {"time_score": 9.0, "price_score": 20.64125857149699, "in_time": 5.0, "out_time": 51.0}, "THI": {"time_score": -3.0, "price_score": 11.890686883559365, "in_time": 27.0, "out_time": 17.0}, "ULL": {"time_score": 50.0, "price_score": 18.942228664280595, "in_time": 86.0, "out_time": 11.0}, "YRK": {"time_score": 0.0, "price_score": 6.3, "in_time": 47.0, "out_time": 0.0}, "YRM": {"time_score": -2.0, "price_score": 8.382948770780521, "in_time": 4.0, "out_time": 41.0}}