{"ALW": {"time_score": 23.0, "price_score": 27.315406082683392, "in_time": 36.0, "out_time": 51.0}, "BIL": {"time_score": 22.0, "price_score": 18.076788411786126, "in_time": 11.0, "out_time": 75.0}, "BTT": {"time_score": 86.0, "price_score": 8.124991565825864, "in_time": 59.0, "out_time": 91.0}, "CHF": {"time_score": 58.0, "price_score": 12.438241561033365, "in_time": 111.0, "out_time": 11.0}, "COM": {"time_score": 120.0, "price_score": 9.78790625384309, "in_time": 76.0, "out_time": 108.0}, "CSM": {"time_score": 126.0, "price_score": 9.448103213543307, "in_time": 79.0, "out_time": 111.0}, "CTL": {"time_score": 55.0, "price_score": 24.960887086554045, "in_time": 100.0, "out_time": 19.0}, "DAR": {"time_score": 13.0, "price_score": 5.880787527608057, "in_time": 51.0, "out_time": 26.0}, "DND": {"time_score": 23.0, "price_score": 19.73779314388857, "in_time": 43.0, "out_time": 44.0}, "DNY": {"time_score": 134.0, "price_score": 9.64611154314569, "in_time": 83.0, "out_time": 115.0}, "EAG": {"time_score": -2.0, "price_score": 7.91028528171139, "in_time": 18.0, "out_time": 44.0}, "EGT": {"time_score": 169.0, "price_score": 8.36193151942703, "in_time": 100.0, "out_time": 133.0}, "GLS": {"time_score": 156.0, "price_score": 8.471574166306121, "in_time": 94.0, "out_time": 126.0}, "GMT": {"time_score": 177.0, "price_score": 8.265035010715417, "in_time": 104.0, "out_time": 137.0}, "GTA": {"time_score": 74.0, "price_score": 8.727609608134125, "in_time": 53.0, "out_time": 85.0}, "MSK": {"time_score": 77.0, "price_score": 14.792780373985511, "in_time": 61.0, "out_time": 80.0}, "MTO": {"time_score": 47.0, "price_score": 10.801119406865338, "in_time": 39.0, "out_time": 72.0}, "NAY": {"time_score": 55.0, "price_score": 17.001972896427766, "in_time": 67.0, "out_time": 52.0}, "NNT": {"time_score": 58.0, "price_score": 9.591669341615226, "in_time": 45.0, "out_time": 77.0}, "NRD": {"time_score": 32.0, "price_score": 19.241401906165592, "in_time": 56.0, "out_time": 40.0}, "NTR": {"time_score": -8.0, "price_score": 11.375485755071058, "in_time": 38.0, "out_time": 18.0}, "PNL": {"time_score": 108.0, "price_score": 58.674087617439774, "in_time": 126.0, "out_time": 46.0}, "POP": {"time_score": 32.0, "price_score": 23.879403434815956, "in_time": 88.0, "out_time": 8.0}, "RBS": {"time_score": 233.0, "price_score": 48.730849858983326, "in_time": 188.0, "out_time": 109.0}, "RCC": {"time_score": 56.0, "price_score": 7.045533626632607, "in_time": 48.0, "out_time": 72.0}, "RCE": {"time_score": 66.0, "price_score": 18.005274197626893, "in_time": 55.0, "out_time": 75.0}, "RUS": {"time_score": 207.0, "price_score": 9.24790873369433, "in_time": 117.0, "out_time": 154.0}, "SBE": {"time_score": 80.0, "price_score": 40.48415634596213, "in_time": 112.0, "out_time": 32.0}, "SBK": {"time_score": 57.0, "price_score": 29.14709562300665, "in_time": 56.0, "out_time": 65.0}, "SEC": {"time_score": 28.0, "price_score": 23.105878087286598, "in_time": 4.0, "out_time": 88.0}, "SHD": {"time_score": 63.0, "price_score": 16.63350712561212, "in_time": 71.0, "out_time": 56.0}, "SLB": {"time_score": 87.0, "price_score": 14.623427557277566, "in_time": 66.0, "out_time": 85.0}, "SLH": {"time_score": 197.0, "price_score": 8.976861977910279, "in_time": 112.0, "out_time": 149.0}, "STK": {"time_score": 22.0, "price_score": 13.228325112765484, "in_time": 18.0, "out_time": 68.0}, "TBY": {"time_score": 6.0, "price_score": 7.558897933683369, "in_time": 18.0, "out_time": 52.0}, "THI": {"time_score": -1.0, "price_score": 15.705582245934535, "in_time": 47.0, "out_time": 16.0}, "ULL": {"time_score": 74.0, "price_score": 15.026336972324069, "in_time": 127.0, "out_time": 11.0}, "WTB": {"time_score": 217.0, "price_score": 10.113761956711821, "in_time": 123.0, "out_time": 158.0}, "YRK": {"time_score": 0.0, "price_score": 18.7, "in_time": 64.0, "out_time": 0.0}, "YRM": {"time_score": 9.0, "price_score": 10.557987447054163, "in_time": 32.0, "out_time": 41.0}}