{"BLO": {"time_score": 53.0, "price_score": 21.57443291978278, "in_time": 38.0, "out_time": 90.0}, "BNR": {"time_score": 40.0, "price_score": 21.01796885189307, "in_time": 30.0, "out_time": 85.0}, "BTT": {"time_score": 149.0, "price_score": 29.657740588242522, "in_time": 134.0, "out_time": 90.0}, "BUW": {"time_score": 166.0, "price_score": 81.18758378614771, "in_time": 168.0, "out_time": 73.0}, "CHF": {"time_score": 40.0, "price_score": 19.848826298187284, "in_time": 102.0, "out_time": 13.0}, "CLS": {"time_score": -1.0, "price_score": 26.44170182483627, "in_time": 21.0, "out_time": 53.0}, "COM": {"time_score": 183.0, "price_score": 30.58206623288351, "in_time": 151.0, "out_time": 107.0}, "CRB": {"time_score": 102.0, "price_score": 25.025233842456753, "in_time": 63.0, "out_time": 114.0}, "CRG": {"time_score": 162.0, "price_score": 38.79246974034611, "in_time": 172.0, "out_time": 65.0}, "CRM": {"time_score": 21.0, "price_score": 18.39693280653309, "in_time": 11.0, "out_time": 85.0}, "CSM": {"time_score": 189.0, "price_score": 31.608268979330244, "in_time": 154.0, "out_time": 110.0}, "CTL": {"time_score": 49.0, "price_score": 26.81115367538416, "in_time": 105.0, "out_time": 19.0}, "DAR": {"time_score": -4.0, "price_score": 23.871149933017776, "in_time": 45.0, "out_time": 26.0}, "DHM": {"time_score": -4.0, "price_score": 28.008957678521153, "in_time": 25.0, "out_time": 46.0}, "DND": {"time_score": 28.0, "price_score": 22.902458426624495, "in_time": 58.0, "out_time": 45.0}, "DNY": {"time_score": 197.0, "price_score": 35.14002261303992, "in_time": 158.0, "out_time": 114.0}, "DOT": {"time_score": 36.0, "price_score": 22.12716611426921, "in_time": 30.0, "out_time": 81.0}, "EAG": {"time_score": 40.0, "price_score": 11.281811439926999, "in_time": 68.0, "out_time": 47.0}, "EBL": {"time_score": 46.0, "price_score": 21.42225872387549, "in_time": 33.0, "out_time": 88.0}, "EGF": {"time_score": 131.0, "price_score": 25.739808581958386, "in_time": 146.0, "out_time": 60.0}, "EGT": {"time_score": 232.0, "price_score": 34.14627083995255, "in_time": 175.0, "out_time": 132.0}, "GLS": {"time_score": 219.0, "price_score": 34.51714205610256, "in_time": 169.0, "out_time": 125.0}, "GMT": {"time_score": 240.0, "price_score": 33.77577620175407, "in_time": 179.0, "out_time": 136.0}, "GRF": {"time_score": 149.0, "price_score": 25.880792492060756, "in_time": 155.0, "out_time": 69.0}, "GSY": {"time_score": 153.0, "price_score": 78.25104010680573, "in_time": 162.0, "out_time": 66.0}, "GTA": {"time_score": 137.0, "price_score": 30.94345357684833, "in_time": 128.0, "out_time": 84.0}, "GYP": {"time_score": 99.0, "price_score": 36.58464822835264, "in_time": 100.0, "out_time": 74.0}, "HBP": {"time_score": 92.0, "price_score": 40.015194135553855, "in_time": 126.0, "out_time": 41.0}, "HEI": {"time_score": 69.0, "price_score": 22.872044621070554, "in_time": 96.0, "out_time": 48.0}, "HEW": {"time_score": 21.0, "price_score": 20.859109809904982, "in_time": 21.0, "out_time": 75.0}, "HEX": {"time_score": 74.0, "price_score": 27.376868753293817, "in_time": 41.0, "out_time": 108.0}, "HGT": {"time_score": 83.0, "price_score": 40.62857066276056, "in_time": 122.0, "out_time": 36.0}, "HMM": {"time_score": 41.0, "price_score": 26.618736531906443, "in_time": 101.0, "out_time": 15.0}, "HPL": {"time_score": 49.0, "price_score": 27.528815126215687, "in_time": 56.0, "out_time": 68.0}, "HRS": {"time_score": 129.0, "price_score": 35.94341264142469, "in_time": 144.0, "out_time": 60.0}, "JCH": {"time_score": 88.0, "price_score": 36.58409401927865, "in_time": 94.0, "out_time": 69.0}, "KLD": {"time_score": 167.0, "price_score": 30.83869937709166, "in_time": 143.0, "out_time": 99.0}, "KNA": {"time_score": 65.0, "price_score": 40.79854058140379, "in_time": 113.0, "out_time": 27.0}, "LGK": {"time_score": 107.0, "price_score": 28.19123658116897, "in_time": 98.0, "out_time": 84.0}, "LHM": {"time_score": 209.0, "price_score": 35.42813564922455, "in_time": 164.0, "out_time": 120.0}, "MBR": {"time_score": 63.0, "price_score": 10.754824136759854, "in_time": 81.0, "out_time": 57.0}, "MCE": {"time_score": 24.0, "price_score": 24.278645312802965, "in_time": 16.0, "out_time": 83.0}, "MIK": {"time_score": 111.0, "price_score": 25.515173652012507, "in_time": 136.0, "out_time": 50.0}, "MLT": {"time_score": 73.0, "price_score": 33.713857931557904, "in_time": 122.0, "out_time": 26.0}, "MNN": {"time_score": 160.0, "price_score": 79.73169618418319, "in_time": 166.0, "out_time": 69.0}, "MPT": {"time_score": 28.0, "price_score": 10.871580539898652, "in_time": 19.0, "out_time": 84.0}, "MSK": {"time_score": 113.0, "price_score": 27.97345860177101, "in_time": 102.0, "out_time": 86.0}, "MTO": {"time_score": 93.0, "price_score": 36.114283095424575, "in_time": 97.0, "out_time": 71.0}, "NAY": {"time_score": 76.0, "price_score": 22.31382191886915, "in_time": 99.0, "out_time": 52.0}, "NCL": {"time_score": -19.0, "price_score": 20.340848922829316, "in_time": 2.0, "out_time": 54.0}, "NNT": {"time_score": 104.0, "price_score": 37.81179972511137, "in_time": 103.0, "out_time": 76.0}, "NRD": {"time_score": 53.0, "price_score": 24.77694938488141, "in_time": 88.0, "out_time": 40.0}, "NTR": {"time_score": 0.0, "price_score": 25.34130893923425, "in_time": 56.0, "out_time": 19.0}, "PEG": {"time_score": 50.0, "price_score": 23.931505549987516, "in_time": 24.0, "out_time": 101.0}, "PNL": {"time_score": 102.0, "price_score": 39.2207490024672, "in_time": 131.0, "out_time": 46.0}, "POP": {"time_score": 26.0, "price_score": 25.535560699107112, "in_time": 94.0, "out_time": 7.0}, "PRU": {"time_score": 49.0, "price_score": 23.396769964053476, "in_time": 28.0, "out_time": 96.0}, "RCC": {"time_score": 95.0, "price_score": 10.599210964513391, "in_time": 92.0, "out_time": 78.0}, "RCE": {"time_score": 101.0, "price_score": 29.17189254699343, "in_time": 95.0, "out_time": 81.0}, "RDM": {"time_score": 93.0, "price_score": 25.587338217296864, "in_time": 59.0, "out_time": 109.0}, "RUS": {"time_score": 271.0, "price_score": 34.69115802653436, "in_time": 192.0, "out_time": 154.0}, "SBE": {"time_score": 74.0, "price_score": 40.606213118694214, "in_time": 117.0, "out_time": 32.0}, "SBK": {"time_score": 103.0, "price_score": 37.167598834285656, "in_time": 107.0, "out_time": 71.0}, "SBY": {"time_score": 60.0, "price_score": 24.491825589307275, "in_time": 110.0, "out_time": 25.0}, "SEA": {"time_score": 92.0, "price_score": 29.683718562614732, "in_time": 55.0, "out_time": 112.0}, "SEB": {"time_score": 53.0, "price_score": 21.895498672666246, "in_time": 36.0, "out_time": 92.0}, "SEC": {"time_score": 88.0, "price_score": 35.56037132915846, "in_time": 78.0, "out_time": 85.0}, "SHD": {"time_score": 84.0, "price_score": 21.71160922275037, "in_time": 103.0, "out_time": 56.0}, "SIE": {"time_score": 49.0, "price_score": 18.056812257664976, "in_time": 107.0, "out_time": 17.0}, "SKS": {"time_score": 85.0, "price_score": 25.841142882608384, "in_time": 55.0, "out_time": 105.0}, "SLB": {"time_score": 123.0, "price_score": 27.54847698926756, "in_time": 107.0, "out_time": 91.0}, "SLH": {"time_score": 261.0, "price_score": 34.51374211669552, "in_time": 187.0, "out_time": 149.0}, "SOM": {"time_score": 167.0, "price_score": 30.92827167598435, "in_time": 164.0, "out_time": 78.0}, "STK": {"time_score": 88.0, "price_score": 36.106785523007126, "in_time": 92.0, "out_time": 71.0}, "SUN": {"time_score": 54.0, "price_score": 22.443156698219404, "in_time": 34.0, "out_time": 95.0}, "TBY": {"time_score": 50.0, "price_score": 35.313497423595585, "in_time": 74.0, "out_time": 51.0}, "THI": {"time_score": 22.0, "price_score": 21.123888519561444, "in_time": 80.0, "out_time": 17.0}, "ULL": {"time_score": 47.0, "price_score": 18.86759663581651, "in_time": 111.0, "out_time": 11.0}, "WET": {"time_score": 113.0, "price_score": 38.2237042568834, "in_time": 136.0, "out_time": 52.0}, "WRS": {"time_score": 91.0, "price_score": 23.864673821043592, "in_time": 126.0, "out_time": 40.0}, "WTB": {"time_score": 281.0,