{"MTO": {"time_score": 36.0, "price_score": 3.596021892110849, "in_time": 82.0, "out_time": 14.0}, "NAY": {"time_score": 47.0, "price_score": 8.739435263364685, "in_time": 69.0, "out_time": 38.0}, "NNT": {"time_score": 47.0, "price_score": 3.617537589091831, "in_time": 88.0, "out_time": 19.0}, "NRD": {"time_score": 24.0, "price_score": 10.726844677550256, "in_time": 58.0, "out_time": 26.0}, "RCC": {"time_score": 37.0, "price_score": 15.829100852096529, "in_time": 79.0, "out_time": 18.0}, "SBK": {"time_score": 46.0, "price_score": 3.64404734802169, "in_time": 94.0, "out_time": 12.0}, "SEA": {"time_score": 10.0, "price_score": 4.03861372122623, "in_time": 28.0, "out_time": 42.0}, "SEC": {"time_score": 10.0, "price_score": 3.5258158403748348, "in_time": 51.0, "out_time": 19.0}, "SHD": {"time_score": 55.0, "price_score": 8.294455066948492, "in_time": 73.0, "out_time": 42.0}, "STK": {"time_score": 10.0, "price_score": 3.299412855988784, "in_time": 65.0, "out_time": 5.0}, "SUN": {"time_score": 1.0, "price_score": 4.009339683794596, "in_time": 20.0, "out_time": 41.0}, "TBY": {"time_score": 0.0, "price_score": 4.1, "in_time": 60.0, "out_time": 0.0}, "WYM": {"time_score": 53.0, "price_score": 7.966262797461654, "in_time": 19.0, "out_time": 94.0}, "YRM": {"time_score": 46.0, "price_score": 13.099377067044367, "in_time": 95.0, "out_time": 11.0}}