{"BLO": {"time_score": 50.0, "price_score": 9.433172801433768, "in_time": 13.0, "out_time": 48.0}, "CLS": {"time_score": 3.0, "price_score": 7.40192677714871, "in_time": 8.0, "out_time": 6.0}, "DHM": {"time_score": 0.0, "price_score": 2.1, "in_time": 11.0, "out_time": 0.0}, "DOT": {"time_score": 33.0, "price_score": 10.085789490768214, "in_time": 5.0, "out_time": 39.0}, "HEW": {"time_score": 23.0, "price_score": 10.314581862781814, "in_time": 6.0, "out_time": 28.0}, "MAS": {"time_score": 15.0, "price_score": 6.282383665339315, "in_time": 2.0, "out_time": 24.0}, "MCE": {"time_score": 26.0, "price_score": 9.737090720071171, "in_time": 7.0, "out_time": 30.0}}