{"ALW": {"time_score": 56.0, "price_score": 12.29808863409521, "in_time": 55.0, "out_time": 89.0}, "APP": {"time_score": 163.0, "price_score": 22.555877922734684, "in_time": 137.0, "out_time": 114.0}, "APY": {"time_score": 46.0, "price_score": 47.5433775626773, "in_time": 122.0, "out_time": 12.0}, "BBW": {"time_score": 116.0, "price_score": 35.48210745278967, "in_time": 150.0, "out_time": 54.0}, "BDI": {"time_score": 52.0, "price_score": 31.691192283614942, "in_time": 120.0, "out_time": 20.0}, "BDQ": {"time_score": 66.0, "price_score": 30.043163962918637, "in_time": 130.0, "out_time": 24.0}, "BEY": {"time_score": 69.0, "price_score": 18.218988234564367, "in_time": 131.0, "out_time": 26.0}, "BGH": {"time_score": 123.0, "price_score": 37.63421524574394, "in_time": 152.0, "out_time": 59.0}, "BHS": {"time_score": 128.0, "price_score": 34.844376213996824, "in_time": 156.0, "out_time": 60.0}, "BIA": {"time_score": 86.0, "price_score": 50.37834809881285, "in_time": 75.0, "out_time": 99.0}, "BIL": {"time_score": 93.0, "price_score": 14.311628388478633, "in_time": 59.0, "out_time": 122.0}, "BIY": {"time_score": 50.0, "price_score": 24.32531623088016, "in_time": 117.0, "out_time": 21.0}, "BLD": {"time_score": 72.0, "price_score": 80.4349147440691, "in_time": 133.0, "out_time": 27.0}, "BLE": {"time_score": 33.0, "price_score": 26.4602401730611, "in_time": 112.0, "out_time": 9.0}, "BLO": {"time_score": 60.0, "price_score": 33.41875069651526, "in_time": 13.0, "out_time": 135.0}, "BRF": {"time_score": 257.0, "price_score": 94.86923342322892, "in_time": 222.0, "out_time": 123.0}, "BTL": {"time_score": 88.0, "price_score": 27.90054199408262, "in_time": 138.0, "out_time": 38.0}, "BTT": {"time_score": 136.0, "price_score": 15.120467486033768, "in_time": 108.0, "out_time": 116.0}, "BUW": {"time_score": 60.0, "price_score": 19.09837619953718, "in_time": 127.0, "out_time": 21.0}, "BUY": {"time_score": 30.0, "price_score": 22.120345927340896, "in_time": 111.0, "out_time": 7.0}, "CEY": {"time_score": 88.0, "price_score": 32.87691263728989, "in_time": 139.0, "out_time": 37.0}, "CFD": {"time_score": 19.0, "price_score": 23.117801899475758, "in_time": 87.0, "out_time": 20.0}, "CFL": {"time_score": 60.0, "price_score": 24.54589240503361, "in_time": 124.0, "out_time": 24.0}, "CHF": {"time_score": 8.0, "price_score": 17.062748356754394, "in_time": 77.0, "out_time": 19.0}, "CLS": {"time_score": -2.0, "price_score": 9.086892471254492, "in_time": 8.0, "out_time": 78.0}, "CNE": {"time_score": 276.0, "price_score": 97.39894153684241, "in_time": 232.0, "out_time": 132.0}, "COM": {"time_score": 166.0, "price_score": 15.780762228486283, "in_time": 121.0, "out_time": 133.0}, "COT": {"time_score": 74.0, "price_score": 24.046987437569136, "in_time": 142.0, "out_time": 20.0}, "CPY": {"time_score": 155.0, "price_score": 31.661549064891588, "in_time": 169.0, "out_time": 74.0}, "CRB": {"time_score": 109.0, "price_score": 34.80474615173809, "in_time": 38.0, "out_time": 159.0}, "CRG": {"time_score": 12.0, "price_score": 25.359520720464534, "in_time": 93.0, "out_time": 7.0}, "CRM": {"time_score": 47.0, "price_score": 19.73321734807012, "in_time": 13.0, "out_time": 122.0}, "CSM": {"time_score": 172.0, "price_score": 15.561780727284743, "in_time": 124.0, "out_time": 136.0}, "CTL": {"time_score": 46.0, "price_score": 30.325838837433146, "in_time": 83.0, "out_time": 51.0}, "DAR": {"time_score": -6.0, "price_score": 10.044027100487238, "in_time": 27.0, "out_time": 55.0}, "DBD": {"time_score": 146.0, "price_score": 34.17886379779602, "in_time": 166.0, "out_time": 68.0}, "DEW": {"time_score": 84.0, "price_score": 12.607555982005673, "in_time": 142.0, "out_time": 30.0}, "DHM": {"time_score": -4.0, "price_score": 9.54188720917751, "in_time": 11.0, "out_time": 73.0}, "DHN": {"time_score": 116.0, "price_score": 19.463645827999763, "in_time": 149.0, "out_time": 55.0}, "DND": {"time_score": 42.0, "price_score": 25.1981863707472, "in_time": 47.0, "out_time": 83.0}, "DNT": {"time_score": 164.0, "price_score": 27.86036324934813, "in_time": 169.0, "out_time": 83.0}, "DNY": {"time_score": 180.0, "price_score": 15.515990750149065, "in_time": 128.0, "out_time": 140.0}, "DOT": {"time_score": 43.0, "price_score": 33.915504781202536, "in_time": 5.0, "out_time": 126.0}, "DRT": {"time_score": 101.0, "price_score": 39.59743540683455, "in_time": 151.0, "out_time": 38.0}, "EAG": {"time_score": 40.0, "price_score": 12.161016461002415, "in_time": 56.0, "out_time": 72.0}, "EGF": {"time_score": 13.0, "price_score": 33.1996096348765, "in_time": 87.0, "out_time": 14.0}, "EGT": {"time_score": 215.0, "price_score": 14.856107073231264, "in_time": 145.0, "out_time": 158.0}, "FEA": {"time_score": 75.0, "price_score": 22.315168175767013, "in_time": 131.0, "out_time": 32.0}, "FZH": {"time_score": 57.0, "price_score": 23.89813578309046, "in_time": 124.0, "out_time": 21.0}, "FZW": {"time_score": 61.0, "price_score": 21.544998418675057, "in_time": 123.0, "out_time": 26.0}, "GGV": {"time_score": 98.0, "price_score": 32.47670089875819, "in_time": 142.0, "out_time": 44.0}, "GIG": {"time_score": 136.0, "price_score": 30.221576480682952, "in_time": 160.0, "out_time": 64.0}, "GLH": {"time_score": 43.0, "price_score": 14.668773050594513, "in_time": 103.0, "out_time": 28.0}, "GLS": {"time_score": 202.0, "price_score": 14.919980893519906, "in_time": 139.0, "out_time": 151.0}, "GMT": {"time_score": 223.0, "price_score": 15.020494014466694, "in_time": 149.0, "out_time": 162.0}, "GRF": {"time_score": 11.0, "price_score": 25.15143838936336, "in_time": 89.0, "out_time": 10.0}, "GSD": {"time_score": 162.0, "price_score": 26.560243890496167, "in_time": 164.0, "out_time": 86.0}, "GSY": {"time_score": 47.0, "price_score": 23.82759169808734, "in_time": 121.0, "out_time": 14.0}, "GTA": {"time_score": 124.0, "price_score": 15.879359417325427, "in_time": 102.0, "out_time": 110.0}, "GYP": {"time_score": 99.0, "price_score": 15.35070121648783, "in_time": 87.0, "out_time": 100.0}, "HBD": {"time_score": 106.0, "price_score": 28.729072801124683, "in_time": 150.0, "out_time": 44.0}, "HBP": {"time_score": 48.0, "price_score": 15.331225306174579, "in_time": 104.0, "out_time": 32.0}, "HDB": {"time_score": 110.0, "price_score": 35.365182287684405, "in_time": 42.0, "out_time": 156.0}, "HDY": {"time_score": 35.0, "price_score": 22.24102352339501, "in_time": 114.0, "out_time": 9.0}, "HEI": {"time_score": 58.0, "price_score": 41.959908630051174, "in_time": 61.0, "out_time": 85.0}, "HEL": {"time_score": 122.0, "price_score": 24.048952826704234, "in_time": 161.0, "out_time": 49.0}, "HEW": {"time_score": 24.0, "price_score": 28.94513465854194, "in_time": 6.0, "out_time": 106.0}, "HEX": {"time_score": 89.0, "price_score": 34.54121937526729, "in_time": 32.0, "out_time": 145.0}, "HFX": {"time_score": 80.0, "price_score": 28.260650904407974, "in_time": 135.0, "out_time": 33.0}, "HGT": {"time_score": 43.0, "price_score": 15.470716898415018, "in_time": 100.0, "out_time": 31.0}, "HIR": {"time_score": 146.0, "price_score": 20.563642398364536, "in_time": 167.0, "out_time": 67.0}, "HLD": {"time_score": 113.0, "price_score": 28.494902719090597, "in_time": 150.0, "out_time": 51.0}, "HMM": {"time_score": 44.0, "price_score": 30.59932863992587, "in_time": 79.0, "out_time": 53.0}, "HOY": {"time_score": 123.0, "price_score": 35.13983549576276, "in_time": 154.0, "out_time": 57.0}, "HPL": {"time_score": 56.0, "price_score": 10.95935096776592, "in_time": 43.0, "out_time": 101.0}, "HRS": {"time_score": 41.0, "price_score": 15.090879549865793, "in_time": 118.0, "out_time": 11.0}, "HUD": {"time_score": 68.0, "price_score": 30.86471455063103, "in_time": 122.0, "out_time": 34.0}, "ILK": {"time_score": 77.0, "price_score": 20.01367449098594, "in_time": 137.0, "out_time": 28.0}, "JCH": {"time_score": 88.0, "price_score": 14.953866263258794, "in_time": 81.0, "out_time": 95.0}, "KEI": {"time_score": 62.0, "price_score": 24.787925623200472, "in_time": 122.0, "out_time": 28.0},