{"EAG": {"time_score": 0.0, "price_score": 6.1, "in_time": 54.0, "out_time": 0.0}, "JCH": {"time_score": 48.0, "price_score": 3.852806292077947, "in_time": 79.0, "out_time": 23.0}, "MAS": {"time_score": 16.0, "price_score": 14.945459023756941, "in_time": 2.0, "out_time": 68.0}, "MBR": {"time_score": 24.0, "price_score": 3.697508004522965, "in_time": 68.0, "out_time": 10.0}, "MCE": {"time_score": 45.0, "price_score": 16.59207969784036, "in_time": 7.0, "out_time": 92.0}, "MTO": {"time_score": 53.0, "price_score": 3.779113260670862, "in_time": 82.0, "out_time": 25.0}, "NAY": {"time_score": 48.0, "price_score": 8.504702657235361, "in_time": 69.0, "out_time": 33.0}, "NNT": {"time_score": 64.0, "price_score": 3.80576972346887, "in_time": 88.0, "out_time": 30.0}, "NRD": {"time_score": 25.0, "price_score": 10.872401436958953, "in_time": 58.0, "out_time": 21.0}, "SBK": {"time_score": 57.0, "price_score": 3.850801681709378, "in_time": 94.0, "out_time": 17.0}, "SEA": {"time_score": 31.0, "price_score": 6.155483804423979, "in_time": 28.0, "out_time": 57.0}, "SEC": {"time_score": 27.0, "price_score": 3.7499882194493934, "in_time": 51.0, "out_time": 30.0}, "SHD": {"time_score": 56.0, "price_score": 7.29576756711727, "in_time": 73.0, "out_time": 37.0}, "STK": {"time_score": 27.0, "price_score": 3.436102353230573, "in_time": 65.0, "out_time": 16.0}, "SUN": {"time_score": 11.0, "price_score": 8.907306569094494, "in_time": 20.0, "out_time": 45.0}, "TBY": {"time_score": 10.0, "price_score": 4.273760369340398, "in_time": 60.0, "out_time": 4.0}, "WYM": {"time_score": 71.0, "price_score": 16.986389884731004, "in_time": 19.0, "out_time": 106.0}, "YRM": {"time_score": 46.0, "price_score": 13.536812787453401, "in_time": 95.0, "out_time": 5.0}}