{"BIL": {"time_score": 26.0, "price_score": 4.105890888065834, "in_time": 59.0, "out_time": 10.0}, "BLO": {"time_score": 34.0, "price_score": 4.216795914837759, "in_time": 13.0, "out_time": 64.0}, "CLS": {"time_score": 39.0, "price_score": 16.304976331617997, "in_time": 8.0, "out_time": 74.0}, "DHM": {"time_score": 37.0, "price_score": 4.902078044861413, "in_time": 11.0, "out_time": 69.0}, "DOT": {"time_score": 17.0, "price_score": 4.154285027115908, "in_time": 5.0, "out_time": 55.0}, "HEW": {"time_score": 3.0, "price_score": 4.208389493571584, "in_time": 6.0, "out_time": 40.0}, "HPL": {"time_score": 0.0, "price_score": 2.7, "in_time": 43.0, "out_time": 0.0}}