{"DAR": {"time_score": -20.0, "price_score": 12.968506561045706, "in_time": 27.0, "out_time": 42.0}, "DHM": {"time_score": -25.0, "price_score": 15.911798816999829, "in_time": 11.0, "out_time": 53.0}, "DND": {"time_score": -3.0, "price_score": 15.98993169938747, "in_time": 45.0, "out_time": 41.0}, "DNY": {"time_score": 134.0, "price_score": 9.002340224839545, "in_time": 128.0, "out_time": 95.0}, "DOT": {"time_score": 38.0, "price_score": 37.66452397627371, "in_time": 5.0, "out_time": 122.0}, "EAG": {"time_score": -8.0, "price_score": 9.9881158056408, "in_time": 54.0, "out_time": 27.0}, "GTA": {"time_score": 77.0, "price_score": 12.498135626126672, "in_time": 101.0, "out_time": 65.0}, "GYP": {"time_score": 51.0, "price_score": 6.343926022377112, "in_time": 85.0, "out_time": 55.0}, "HEI": {"time_score": 31.0, "price_score": 27.196229481614676, "in_time": 66.0, "out_time": 54.0}, "HEW": {"time_score": 26.0, "price_score": 38.07432238444597, "in_time": 6.0, "out_time": 109.0}, "HPL": {"time_score": 4.0, "price_score": 6.339320505586839, "in_time": 41.0, "out_time": 52.0}, "JCH": {"time_score": 40.0, "price_score": 6.484684158017465, "in_time": 79.0, "out_time": 50.0}, "KLD": {"time_score": 104.0, "price_score": 9.329123186778807, "in_time": 113.0, "out_time": 80.0}, "LGK": {"time_score": 59.0, "price_score": 9.168415521751793, "in_time": 85.0, "out_time": 63.0}, "MAS": {"time_score": -7.0, "price_score": 36.75795883435823, "in_time": 2.0, "out_time": 80.0}, "MBR": {"time_score": 17.0, "price_score": 6.223452172994965, "in_time": 68.0, "out_time": 38.0}, "NRD": {"time_score": 15.0, "price_score": 17.12517359803647, "in_time": 58.0, "out_time": 46.0}, "NTR": {"time_score": -40.0, "price_score": 17.577673298627374, "in_time": 42.0, "out_time": 7.0}, "PRU": {"time_score": 53.0, "price_score": 35.72373202286047, "in_time": 19.0, "out_time": 123.0}, "RCC": {"time_score": 49.0, "price_score": 14.692096344094791, "in_time": 79.0, "out_time": 59.0}, "RCE": {"time_score": 53.0, "price_score": 9.656139073414495, "in_time": 82.0, "out_time": 60.0}, "RDM": {"time_score": 94.0, "price_score": 34.77774572372234, "in_time": 33.0, "out_time": 150.0}, "SBK": {"time_score": 60.0, "price_score": 6.554693813141798, "in_time": 94.0, "out_time": 55.0}, "SEA": {"time_score": 24.0, "price_score": 11.08091819081739, "in_time": 28.0, "out_time": 85.0}, "SEC": {"time_score": 40.0, "price_score": 6.465769220742918, "in_time": 51.0, "out_time": 78.0}, "SHD": {"time_score": 46.0, "price_score": 26.74895651548482, "in_time": 73.0, "out_time": 62.0}, "SKS": {"time_score": 86.0, "price_score": 35.13188582136486, "in_time": 29.0, "out_time": 146.0}, "SLB": {"time_score": 75.0, "price_score": 9.098872867014947, "in_time": 94.0, "out_time": 70.0}, "STK": {"time_score": 44.0, "price_score": 5.686143148240893, "in_time": 65.0, "out_time": 68.0}, "SUN": {"time_score": 6.0, "price_score": 17.237988653444862, "in_time": 20.0, "out_time": 75.0}, "TBY": {"time_score": 3.0, "price_score": 7.084573751160114, "in_time": 60.0, "out_time": 32.0}, "THI": {"time_score": 0.0, "price_score": 36.9, "in_time": 89.0, "out_time": 0.0}, "WYM": {"time_score": 67.0, "price_score": 35.571954838536335, "in_time": 19.0, "out_time": 137.0}, "YRM": {"time_score": 28.0, "price_score": 22.078757580563714, "in_time": 95.0, "out_time": 22.0}}