{"DAR": {"time_score": -5.0, "price_score": 17.914270868250973, "in_time": 27.0, "out_time": 45.0}, "DHM": {"time_score": -2.0, "price_score": 21.948367751374196, "in_time": 11.0, "out_time": 64.0}, "DND": {"time_score": 31.0, "price_score": 21.9099409544162, "in_time": 45.0, "out_time": 63.0}, "DNY": {"time_score": 196.0, "price_score": 11.818126420191108, "in_time": 128.0, "out_time": 145.0}, "DOT": {"time_score": 32.0, "price_score": 24.529966935834338, "in_time": 5.0, "out_time": 104.0}, "EAG": {"time_score": 49.0, "price_score": 13.520550712809506, "in_time": 54.0, "out_time": 72.0}, "EGF": {"time_score": 143.0, "price_score": 36.8814334573107, "in_time": 133.0, "out_time": 87.0}, "EGT": {"time_score": 231.0, "price_score": 11.055778009642804, "in_time": 145.0, "out_time": 163.0}, "GLS": {"time_score": 218.0, "price_score": 11.171876420090358, "in_time": 139.0, "out_time": 156.0}, "GMT": {"time_score": 239.0, "price_score": 11.098904003108101, "in_time": 149.0, "out_time": 167.0}, "GRF": {"time_score": 161.0, "price_score": 37.08017680420845, "in_time": 142.0, "out_time": 96.0}, "GTA": {"time_score": 139.0, "price_score": 16.623869688176644, "in_time": 101.0, "out_time": 115.0}, "GYP": {"time_score": 113.0, "price_score": 8.452306794350958, "in_time": 85.0, "out_time": 105.0}, "HBP": {"time_score": 65.0, "price_score": 31.84298640304352, "in_time": 109.0, "out_time": 33.0}, "HEI": {"time_score": 55.0, "price_score": 23.183940573837546, "in_time": 66.0, "out_time": 66.0}, "HEW": {"time_score": 27.0, "price_score": 23.48651013025804, "in_time": 6.0, "out_time": 98.0}, "HEX": {"time_score": 81.0, "price_score": 27.384922845346466, "in_time": 32.0, "out_time": 126.0}, "HGT": {"time_score": 57.0, "price_score": 32.32869685083261, "in_time": 105.0, "out_time": 29.0}, "HMM": {"time_score": 15.0, "price_score": 23.842828995331278, "in_time": 85.0, "out_time": 7.0}, "HPL": {"time_score": 50.0, "price_score": 8.310906553880466, "in_time": 41.0, "out_time": 86.0}, "HRS": {"time_score": 103.0, "price_score": 28.563504361423586, "in_time": 128.0, "out_time": 52.0}, "JCH": {"time_score": 102.0, "price_score": 8.647947233046102, "in_time": 79.0, "out_time": 100.0}, "KLD": {"time_score": 166.0, "price_score": 12.375418533566211, "in_time": 113.0, "out_time": 130.0}, "KNA": {"time_score": 39.0, "price_score": 32.489410202550964, "in_time": 97.0, "out_time": 19.0}, "LGK": {"time_score": 110.0, "price_score": 11.980128723721725, "in_time": 85.0, "out_time": 102.0}, "LHM": {"time_score": 208.0, "price_score": 11.634588892694174, "in_time": 134.0, "out_time": 151.0}, "MAS": {"time_score": 19.0, "price_score": 24.845255770474104, "in_time": 2.0, "out_time": 94.0}, "MBR": {"time_score": 73.0, "price_score": 8.299459237013703, "in_time": 68.0, "out_time": 82.0}, "MCE": {"time_score": 31.0, "price_score": 24.242925541343592, "in_time": 7.0, "out_time": 101.0}, "MIK": {"time_score": 122.0, "price_score": 36.57304921766341, "in_time": 123.0, "out_time": 76.0}, "MLT": {"time_score": 77.0, "price_score": 30.697296663520167, "in_time": 95.0, "out_time": 59.0}, "MNN": {"time_score": 162.0, "price_score": 77.26851930758497, "in_time": 153.0, "out_time": 86.0}, "MPT": {"time_score": 41.0, "price_score": 11.495086989745678, "in_time": 16.0, "out_time": 102.0}, "MSK": {"time_score": 116.0, "price_score": 11.889102518565617, "in_time": 89.0, "out_time": 104.0}, "MTO": {"time_score": 107.0, "price_score": 8.484220901913657, "in_time": 82.0, "out_time": 102.0}, "NAY": {"time_score": 62.0, "price_score": 22.595088650275116, "in_time": 69.0, "out_time": 70.0}, "NNT": {"time_score": 118.0, "price_score": 8.552091011553163, "in_time": 88.0, "out_time": 107.0}, "NRD": {"time_score": 39.0, "price_score": 23.667026025182984, "in_time": 58.0, "out_time": 58.0}, "NTR": {"time_score": 1.0, "price_score": 24.143495807403717, "in_time": 42.0, "out_time": 36.0}, "PNL": {"time_score": 76.0, "price_score": 31.206515466161214, "in_time": 115.0, "out_time": 38.0}, "POP": {"time_score": 0.0, "price_score": 22.9, "in_time": 77.0, "out_time": 0.0}, "PRU": {"time_score": 56.0, "price_score": 23.382271261875424, "in_time": 19.0, "out_time": 114.0}, "RCC": {"time_score": 98.0, "price_score": 38.67393056038135, "in_time": 79.0, "out_time": 96.0}, "RCE": {"time_score": 104.0, "price_score": 12.606981633174497, "in_time": 82.0, "out_time": 99.0}, "RDM": {"time_score": 88.0, "price_score": 28.49551888945491, "in_time": 33.0, "out_time": 132.0}, "RUS": {"time_score": 268.0, "price_score": 11.424057726290254, "in_time": 162.0, "out_time": 183.0}, "SBE": {"time_score": 48.0, "price_score": 32.32431575469567, "in_time": 101.0, "out_time": 24.0}, "SBK": {"time_score": 106.0, "price_score": 8.687616589559278, "in_time": 94.0, "out_time": 89.0}, "SBY": {"time_score": 69.0, "price_score": 22.53326577902677, "in_time": 96.0, "out_time": 50.0}, "SEA": {"time_score": 79.0, "price_score": 14.23694292231404, "in_time": 28.0, "out_time": 128.0}, "SEC": {"time_score": 82.0, "price_score": 8.509284051263602, "in_time": 51.0, "out_time": 108.0}, "SHD": {"time_score": 70.0, "price_score": 21.97390209880415, "in_time": 73.0, "out_time": 74.0}, "SIE": {"time_score": 49.0, "price_score": 17.57770706399756, "in_time": 89.0, "out_time": 37.0}, "SKS": {"time_score": 80.0, "price_score": 28.771748356002156, "in_time": 29.0, "out_time": 128.0}, "SLB": {"time_score": 126.0, "price_score": 11.840207705226995, "in_time": 94.0, "out_time": 109.0}, "SLH": {"time_score": 258.0, "price_score": 11.357807819980847, "in_time": 157.0, "out_time": 178.0}, "SOM": {"time_score": 179.0, "price_score": 30.101280019150487, "in_time": 151.0, "out_time": 105.0}, "STK": {"time_score": 82.0, "price_score": 7.653218799101531, "in_time": 65.0, "out_time": 94.0}, "SUN": {"time_score": 56.0, "price_score": 21.250633906865442, "in_time": 20.0, "out_time": 113.0}, "TBY": {"time_score": 60.0, "price_score": 9.526484168032246, "in_time": 60.0, "out_time": 77.0}, "THI": {"time_score": 58.0, "price_score": 50.557416365917426, "in_time": 89.0, "out_time": 46.0}, "ULL": {"time_score": 40.0, "price_score": 18.374586765802075, "in_time": 87.0, "out_time": 30.0}, "WET": {"time_score": 87.0, "price_score": 30.395206300427034, "in_time": 120.0, "out_time": 44.0}, "WTB": {"time_score": 278.0, "price_score": 11.81406573784993, "in_time": 168.0, "out_time": 187.0}, "WYM": {"time_score": 61.0, "price_score": 23.363247345719888, "in_time": 19.0, "out_time": 119.0}, "YRK": {"time_score": -18.0, "price_score": 19.80264647391218, "in_time": 54.0, "out_time": 5.0}, "YRM": {"time_score": 90.0, "price_score": 29.95011863461516, "in_time": 95.0, "out_time": 72.0}}