{"ALW": {"time_score": 47.0, "price_score": 12.361883464759426, "in_time": 55.0, "out_time": 85.0}, "BUH": {"time_score": 46.0, "price_score": 8.878760475741512, "in_time": 120.0, "out_time": 19.0}, "BUW": {"time_score": 95.0, "price_score": 93.8517696126033, "in_time": 127.0, "out_time": 61.0}, "BUY": {"time_score": 75.0, "price_score": 23.903483994787074, "in_time": 111.0, "out_time": 57.0}, "BYK": {"time_score": 64.0, "price_score": 29.403475471551666, "in_time": 113.0, "out_time": 44.0}, "CEY": {"time_score": 132.0, "price_score": 89.45560743681362, "in_time": 139.0, "out_time": 86.0}, "CFD": {"time_score": 69.0, "price_score": 24.368950404156394, "in_time": 87.0, "out_time": 75.0}, "CFL": {"time_score": 104.0, "price_score": 27.46263404202263, "in_time": 124.0, "out_time": 73.0}, "CHF": {"time_score": 1.0, "price_score": 17.67118587967718, "in_time": 77.0, "out_time": 17.0}, "CLS": {"time_score": 29.0, "price_score": 26.936839812000567, "in_time": 8.0, "out_time": 114.0}, "COM": {"time_score": 192.0, "price_score": 14.505540470510688, "in_time": 121.0, "out_time": 164.0}, "COT": {"time_score": 126.0, "price_score": 26.020629923204496, "in_time": 142.0, "out_time": 77.0}, "CRB": {"time_score": 130.0, "price_score": 33.36711235988679, "in_time": 38.0, "out_time": 185.0}, "CRG": {"time_score": 25.0, "price_score": 26.98914997231508, "in_time": 93.0, "out_time": 25.0}, "CRM": {"time_score": 40.0, "price_score": 21.905297644441504, "in_time": 13.0, "out_time": 120.0}, "CSM": {"time_score": 198.0, "price_score": 14.271188473946415, "in_time": 124.0, "out_time": 167.0}, "CTL": {"time_score": 70.0, "price_score": 32.15776217460455, "in_time": 83.0, "out_time": 80.0}, "CWE": {"time_score": 162.0, "price_score": 32.559989563967946, "in_time": 152.0, "out_time": 103.0}, "DAR": {"time_score": -3.0, "price_score": 11.939049369004863, "in_time": 27.0, "out_time": 63.0}, "DEW": {"time_score": 112.0, "price_score": 13.714827436905033, "in_time": 142.0, "out_time": 63.0}, "DHM": {"time_score": 0.0, "price_score": 13.336548513159482, "in_time": 11.0, "out_time": 82.0}, "DND": {"time_score": 33.0, "price_score": 26.152296141381502, "in_time": 47.0, "out_time": 79.0}, "DNY": {"time_score": 206.0, "price_score": 14.11911491988057, "in_time": 128.0, "out_time": 171.0}, "DOT": {"time_score": 64.0, "price_score": 33.78152808361668, "in_time": 5.0, "out_time": 152.0}, "DRF": {"time_score": 144.0, "price_score": 43.75925858643219, "in_time": 168.0, "out_time": 69.0}, "DRT": {"time_score": 130.0, "price_score": 48.84024815363099, "in_time": 151.0, "out_time": 72.0}, "EAG": {"time_score": 51.0, "price_score": 12.173169262823563, "in_time": 56.0, "out_time": 88.0}, "EGF": {"time_score": 12.0, "price_score": 35.00443431503921, "in_time": 87.0, "out_time": 18.0}, "EGN": {"time_score": 64.0, "price_score": 31.629671433951327, "in_time": 142.0, "out_time": 15.0}, "EGT": {"time_score": 241.0, "price_score": 13.2102567751563, "in_time": 145.0, "out_time": 189.0}, "FEA": {"time_score": 131.0, "price_score": 23.5557031627972, "in_time": 131.0, "out_time": 93.0}, "FIL": {"time_score": 153.0, "price_score": 55.306709767382145, "in_time": 136.0, "out_time": 110.0}, "FZH": {"time_score": 106.0, "price_score": 26.45227833906341, "in_time": 124.0, "out_time": 75.0}, "FZW": {"time_score": 93.0, "price_score": 22.801597083203216, "in_time": 123.0, "out_time": 63.0}, "GBD": {"time_score": 37.0, "price_score": 39.964620259507804, "in_time": 112.0, "out_time": 18.0}, "GGV": {"time_score": 135.0, "price_score": 70.79269564297549, "in_time": 142.0, "out_time": 86.0}, "GLH": {"time_score": 92.0, "price_score": 15.44644270849775, "in_time": 103.0, "out_time": 82.0}, "GLS": {"time_score": 228.0, "price_score": 13.348469818646217, "in_time": 139.0, "out_time": 182.0}, "GMT": {"time_score": 249.0, "price_score": 13.262368086514702, "in_time": 149.0, "out_time": 193.0}, "GOO": {"time_score": 68.0, "price_score": 35.85916846356057, "in_time": 115.0, "out_time": 46.0}, "GRF": {"time_score": 16.0, "price_score": 26.5525979044409, "in_time": 89.0, "out_time": 20.0}, "GSD": {"time_score": 199.0, "price_score": 47.075267344304386, "in_time": 164.0, "out_time": 128.0}, "GSY": {"time_score": 82.0, "price_score": 90.49537674030725, "in_time": 121.0, "out_time": 54.0}, "GTA": {"time_score": 150.0, "price_score": 15.062536570601676, "in_time": 102.0, "out_time": 141.0}, "GYP": {"time_score": 125.0, "price_score": 14.637583227620832, "in_time": 87.0, "out_time": 131.0}, "HBP": {"time_score": 93.0, "price_score": 42.44761973578409, "in_time": 104.0, "out_time": 82.0}, "HDY": {"time_score": 80.0, "price_score": 24.082183661869546, "in_time": 114.0, "out_time": 59.0}, "HEI": {"time_score": 51.0, "price_score": 31.383476527616896, "in_time": 61.0, "out_time": 83.0}, "HEL": {"time_score": 176.0, "price_score": 24.72057826542092, "in_time": 161.0, "out_time": 108.0}, "HEW": {"time_score": 26.0, "price_score": 35.746276236312035, "in_time": 6.0, "out_time": 113.0}, "HEX": {"time_score": 83.0, "price_score": 34.85763433465881, "in_time": 32.0, "out_time": 144.0}, "HFS": {"time_score": 70.0, "price_score": 33.604610459640114, "in_time": 100.0, "out_time": 63.0}, "HGT": {"time_score": 79.0, "price_score": 43.09463584768292, "in_time": 100.0, "out_time": 72.0}, "HMM": {"time_score": 54.0, "price_score": 31.93969731674313, "in_time": 79.0, "out_time": 68.0}, "HOW": {"time_score": 22.0, "price_score": 33.670938797979666, "in_time": 104.0, "out_time": 11.0}, "HPL": {"time_score": 64.0, "price_score": 9.929320453921543, "in_time": 43.0, "out_time": 114.0}, "HRS": {"time_score": 77.0, "price_score": 16.414162731834537, "in_time": 118.0, "out_time": 52.0}, "HUB": {"time_score": 154.0, "price_score": 53.48091351280161, "in_time": 142.0, "out_time": 105.0}, "HUT": {"time_score": 138.0, "price_score": 42.08164323456264, "in_time": 163.0, "out_time": 68.0}, "ILK": {"time_score": 112.0, "price_score": 96.44561643139802, "in_time": 137.0, "out_time": 68.0}, "JCH": {"time_score": 114.0, "price_score": 14.300783367019529, "in_time": 81.0, "out_time": 126.0}, "KEI": {"time_score": 102.0, "price_score": 27.955103738295755, "in_time": 122.0, "out_time": 73.0}, "KKS": {"time_score": 61.0, "price_score": 33.226770611655645, "in_time": 95.0, "out_time": 59.0}, "KLD": {"time_score": 176.0, "price_score": 14.781736058964835, "in_time": 113.0, "out_time": 156.0}, "KLF": {"time_score": 92.0, "price_score": 50.16185337289871, "in_time": 125.0, "out_time": 60.0}, "KNA": {"time_score": 88.0, "price_score": 43.31211631060863, "in_time": 91.0, "out_time": 90.0}, "KNO": {"time_score": 113.0, "price_score": 15.260552565439463, "in_time": 114.0, "out_time": 92.0}, "KSW": {"time_score": 199.0, "price_score": 55.758604711422215, "in_time": 150.0, "out_time": 142.0}, "LDS": {"time_score": 16.0, "price_score": 10.875673447586102, "in_time": 88.0, "out_time": 21.0}, "LGK": {"time_score": 113.0, "price_score": 10.262889312297787, "in_time": 88.0, "out_time": 118.0}, "LHM": {"time_score": 218.0, "price_score": 13.901342314823127, "in_time": 134.0, "out_time": 177.0}, "LMR": {"time_score": 128.0, "price_score": 81.44446489840573, "in_time": 147.0, "out_time": 74.0}, "MAS": {"time_score": 19.0, "price_score": 23.75588392794039, "in_time": 2.0, "out_time": 110.0}, "MBR": {"time_score": 85.0, "price_score": 9.91214323972631, "in_time": 71.0, "out_time": 107.0}, "MCE": {"time_score": 33.0, "price_score": 35.053430554276055, "in_time": 7.0, "out_time": 119.0}, "MIK": {"time_score": 5.0, "price_score": 34.71303778604306, "in_time": 83.0, "out_time": 15.0}, "MIR": {"time_score": 116.0, "price_score": 36.923198777700854, "in_time": 123.0, "out_time": 86.0}, "MLT": {"time_score": 108.0, "price_score": 40.22317934997664, "in_time": 95.0, "out_time": 106.0}, "MLY": {"time_score": 81.0, "price_score": 25.65124834768769, "in_time": 120.0, "out_time": 54.0}, "MNN": {"time_score": 89.0, "price_score": 92.18723967383809, "in_time": 125.0, "out_time": 57.0},