{"ALW": {"time_score": 52.0, "price_score": 10.606964534285593, "in_time": 55.0, "out_time": 51.0}, "BEY": {"time_score": 152.0, "price_score": 83.505330432183, "in_time": 131.0, "out_time": 75.0}, "BIA": {"time_score": 83.0, "price_score": 20.60980172103882, "in_time": 75.0, "out_time": 62.0}, "BIL": {"time_score": 80.0, "price_score": 11.761962935329045, "in_time": 59.0, "out_time": 75.0}, "BLO": {"time_score": 47.0, "price_score": 16.487670478804382, "in_time": 13.0, "out_time": 88.0}, "BTT": {"time_score": 145.0, "price_score": 12.262866524208176, "in_time": 108.0, "out_time": 91.0}, "BUW": {"time_score": 143.0, "price_score": 81.44329070354657, "in_time": 127.0, "out_time": 70.0}, "CHF": {"time_score": 34.0, "price_score": 11.114483271650478, "in_time": 77.0, "out_time": 11.0}, "CLS": {"time_score": 7.0, "price_score": 7.5228371156599, "in_time": 8.0, "out_time": 53.0}, "COM": {"time_score": 175.0, "price_score": 8.832313222453774, "in_time": 121.0, "out_time": 108.0}, "CRB": {"time_score": 96.0, "price_score": 18.820319566744956, "in_time": 38.0, "out_time": 112.0}, "CRG": {"time_score": 64.0, "price_score": 24.883377393691354, "in_time": 93.0, "out_time": 25.0}, "CRM": {"time_score": 44.0, "price_score": 18.096810148245435, "in_time": 13.0, "out_time": 85.0}, "CSM": {"time_score": 181.0, "price_score": 8.559826987753215, "in_time": 124.0, "out_time": 111.0}, "CTL": {"time_score": 48.0, "price_score": 21.881660572988146, "in_time": 83.0, "out_time": 19.0}, "DAR": {"time_score": -1.0, "price_score": 8.062729612289807, "in_time": 27.0, "out_time": 26.0}, "DHM": {"time_score": 1.0, "price_score": 7.6541791775846235, "in_time": 11.0, "out_time": 44.0}, "DND": {"time_score": 37.0, "price_score": 22.521484991300294, "in_time": 47.0, "out_time": 44.0}, "DNY": {"time_score": 189.0, "price_score": 8.462004643648562, "in_time": 128.0, "out_time": 115.0}, "DOT": {"time_score": 30.0, "price_score": 16.914202563113353, "in_time": 5.0, "out_time": 79.0}, "EAG": {"time_score": 46.0, "price_score": 10.440179319356924, "in_time": 56.0, "out_time": 44.0}, "EGF": {"time_score": 51.0, "price_score": 19.80196013148253, "in_time": 87.0, "out_time": 18.0}, "EGT": {"time_score": 224.0, "price_score": 7.946964120882992, "in_time": 145.0, "out_time": 133.0}, "GLS": {"time_score": 211.0, "price_score": 8.034921279687117, "in_time": 139.0, "out_time": 126.0}, "GMT": {"time_score": 232.0, "price_score": 8.50048201130826, "in_time": 149.0, "out_time": 137.0}, "GRF": {"time_score": 53.0, "price_score": 17.27479562400294, "in_time": 89.0, "out_time": 18.0}, "GSY": {"time_score": 130.0, "price_score": 78.47566511561301, "in_time": 121.0, "out_time": 63.0}, "GTA": {"time_score": 133.0, "price_score": 12.84337075835387, "in_time": 102.0, "out_time": 85.0}, "GYP": {"time_score": 108.0, "price_score": 12.487902059632797, "in_time": 87.0, "out_time": 75.0}, "HBP": {"time_score": 91.0, "price_score": 29.55295394877885, "in_time": 104.0, "out_time": 41.0}, "HEI": {"time_score": 55.0, "price_score": 22.803484097457307, "in_time": 61.0, "out_time": 48.0}, "HEW": {"time_score": 28.0, "price_score": 18.565200014560865, "in_time": 6.0, "out_time": 76.0}, "HEX": {"time_score": 83.0, "price_score": 22.558526448170582, "in_time": 32.0, "out_time": 105.0}, "HGT": {"time_score": 83.0, "price_score": 30.008397427651584, "in_time": 100.0, "out_time": 37.0}, "HMM": {"time_score": 40.0, "price_score": 21.720694440803065, "in_time": 79.0, "out_time": 15.0}, "HPL": {"time_score": 53.0, "price_score": 8.426821094924534, "in_time": 43.0, "out_time": 64.0}, "HRS": {"time_score": 109.0, "price_score": 12.338858961355227, "in_time": 118.0, "out_time": 45.0}, "JCH": {"time_score": 97.0, "price_score": 12.20431765133596, "in_time": 81.0, "out_time": 70.0}, "KLD": {"time_score": 159.0, "price_score": 9.021760691779013, "in_time": 113.0, "out_time": 100.0}, "KNA": {"time_score": 64.0, "price_score": 29.899999518426444, "in_time": 91.0, "out_time": 27.0}, "LGK": {"time_score": 112.0, "price_score": 12.135153124400075, "in_time": 88.0, "out_time": 78.0}, "LHM": {"time_score": 201.0, "price_score": 8.196854222621829, "in_time": 134.0, "out_time": 121.0}, "MAS": {"time_score": 23.0, "price_score": 16.66745850806936, "in_time": 2.0, "out_time": 75.0}, "MBR": {"time_score": 75.0, "price_score": 8.459006125853145, "in_time": 71.0, "out_time": 58.0}, "MCE": {"time_score": 32.0, "price_score": 20.320687352784002, "in_time": 7.0, "out_time": 79.0}, "MIK": {"time_score": 43.0, "price_score": 19.62552493043617, "in_time": 83.0, "out_time": 14.0}, "MLT": {"time_score": 67.0, "price_score": 27.90766814987441, "in_time": 95.0, "out_time": 26.0}, "MNN": {"time_score": 137.0, "price_score": 79.9720806925427, "in_time": 125.0, "out_time": 66.0}, "MPT": {"time_score": 35.0, "price_score": 11.549523591779439, "in_time": 12.0, "out_time": 77.0}, "MSK": {"time_score": 118.0, "price_score": 12.040129027915572, "in_time": 92.0, "out_time": 80.0}, "MTO": {"time_score": 102.0, "price_score": 11.972382203633234, "in_time": 84.0, "out_time": 72.0}, "NAY": {"time_score": 63.0, "price_score": 22.24759869418529, "in_time": 65.0, "out_time": 52.0}, "NNT": {"time_score": 113.0, "price_score": 12.325516264401852, "in_time": 90.0, "out_time": 77.0}, "NRD": {"time_score": 40.0, "price_score": 24.39437581529172, "in_time": 54.0, "out_time": 40.0}, "NTR": {"time_score": 6.0, "price_score": 11.755911175816331, "in_time": 42.0, "out_time": 18.0}, "PEG": {"time_score": 60.0, "price_score": 22.1338843454405, "in_time": 26.0, "out_time": 88.0}, "PNL": {"time_score": 101.0, "price_score": 28.966138158616793, "in_time": 109.0, "out_time": 46.0}, "POP": {"time_score": 26.0, "price_score": 20.82331115437021, "in_time": 72.0, "out_time": 8.0}, "PRU": {"time_score": 58.0, "price_score": 19.567875422722548, "in_time": 19.0, "out_time": 93.0}, "RBS": {"time_score": 230.0, "price_score": 72.78249916945086, "in_time": 175.0, "out_time": 109.0}, "RCC": {"time_score": 99.0, "price_score": 10.60406176797413, "in_time": 81.0, "out_time": 72.0}, "RCE": {"time_score": 106.0, "price_score": 12.766953455017745, "in_time": 85.0, "out_time": 75.0}, "RDM": {"time_score": 87.0, "price_score": 19.24517504608157, "in_time": 33.0, "out_time": 108.0}, "RUS": {"time_score": 262.0, "price_score": 8.723945669732789, "in_time": 162.0, "out_time": 154.0}, "SBE": {"time_score": 73.0, "price_score": 29.98636559962223, "in_time": 95.0, "out_time": 32.0}, "SBK": {"time_score": 108.0, "price_score": 12.182063811809982, "in_time": 97.0, "out_time": 65.0}, "SBY": {"time_score": 70.0, "price_score": 8.421135249720061, "in_time": 93.0, "out_time": 31.0}, "SEA": {"time_score": 75.0, "price_score": 16.844822362223592, "in_time": 29.0, "out_time": 100.0}, "SEC": {"time_score": 86.0, "price_score": 12.381070636831884, "in_time": 52.0, "out_time": 88.0}, "SHD": {"time_score": 71.0, "price_score": 21.642609211614296, "in_time": 69.0, "out_time": 56.0}, "SIE": {"time_score": 44.0, "price_score": 10.858308278188842, "in_time": 81.0, "out_time": 17.0}, "SKS": {"time_score": 78.0, "price_score": 19.43989533717443, "in_time": 29.0, "out_time": 103.0}, "SLB": {"time_score": 128.0, "price_score": 11.97862430037505, "in_time": 97.0, "out_time": 85.0}, "SLH": {"time_score": 252.0, "price_score": 8.68168760822919, "in_time": 157.0, "out_time": 149.0}, "SOM": {"time_score": 125.0, "price_score": 24.512089488583758, "in_time": 131.0, "out_time": 48.0}, "STK": {"time_score": 80.0, "price_score": 11.000592652125116, "in_time": 66.0, "out_time": 68.0}, "SUN": {"time_score": 55.0, "price_score": 19.988645522953842, "in_time": 21.0, "out_time": 88.0}, "TBY": {"time_score": 61.0, "price_score": 9.734538005824483, "in_time": 63.0, "out_time": 52.0}, "THI": {"time_score": 25.0, "price_score": 21.03909068555702, "in_time": 63.0, "out_time": 16.0}, "ULL": {"time_score": 36.0, "price_score": 11.345120901339854, "in_time": 79.0, "out_time": 11.0}, "WET": {"time_score": 115.0, "price_score": 24.246318749020748,