{"BIA": {"time_score": 77.0, "price_score": 20.139340902191833, "in_time": 75.0, "out_time": 44.0}, "BIL": {"time_score": 77.0, "price_score": 7.443898277884439, "in_time": 59.0, "out_time": 60.0}, "BLO": {"time_score": 74.0, "price_score": 16.04484979408333, "in_time": 13.0, "out_time": 103.0}, "BTT": {"time_score": 129.0, "price_score": 7.8122510869801465, "in_time": 108.0, "out_time": 63.0}, "CLS": {"time_score": -1.0, "price_score": 13.05218258057486, "in_time": 8.0, "out_time": 33.0}, "CRM": {"time_score": 37.0, "price_score": 11.082200088327319, "in_time": 13.0, "out_time": 66.0}, "DAR": {"time_score": -6.0, "price_score": 6.1667742488306025, "in_time": 27.0, "out_time": 9.0}, "DHM": {"time_score": -3.0, "price_score": 6.667250331373489, "in_time": 11.0, "out_time": 28.0}, "DND": {"time_score": 29.0, "price_score": 13.657645398767443, "in_time": 47.0, "out_time": 24.0}, "DOT": {"time_score": 57.0, "price_score": 16.60859846741898, "in_time": 5.0, "out_time": 94.0}, "EAG": {"time_score": 32.0, "price_score": 6.463713096020739, "in_time": 56.0, "out_time": 18.0}, "GTA": {"time_score": 117.0, "price_score": 8.193082306975192, "in_time": 102.0, "out_time": 57.0}, "GYP": {"time_score": 92.0, "price_score": 7.943507201221041, "in_time": 87.0, "out_time": 47.0}, "HEI": {"time_score": 49.0, "price_score": 20.232808172715938, "in_time": 61.0, "out_time": 30.0}, "HEW": {"time_score": 24.0, "price_score": 16.780544103828248, "in_time": 6.0, "out_time": 60.0}, "MTO": {"time_score": 86.0, "price_score": 7.606519044288143, "in_time": 84.0, "out_time": 44.0}, "NAY": {"time_score": 57.0, "price_score": 19.031966703662334, "in_time": 65.0, "out_time": 34.0}, "NNT": {"time_score": 97.0, "price_score": 7.84598852625833, "in_time": 90.0, "out_time": 49.0}, "NRD": {"time_score": 34.0, "price_score": 14.579739801421603, "in_time": 54.0, "out_time": 22.0}, "NTR": {"time_score": 0.0, "price_score": 7.1, "in_time": 42.0, "out_time": 0.0}, "PRU": {"time_score": 52.0, "price_score": 15.700332509607952, "in_time": 19.0, "out_time": 75.0}, "RBS": {"time_score": 280.0, "price_score": 77.76002568571322, "in_time": 175.0, "out_time": 147.0}, "RCC": {"time_score": 85.0, "price_score": 17.761810384123443, "in_time": 81.0, "out_time": 46.0}, "RCE": {"time_score": 92.0, "price_score": 6.027771340395975, "in_time": 85.0, "out_time": 49.0}, "RDM": {"time_score": 114.0, "price_score": 18.604148710745264, "in_time": 33.0, "out_time": 123.0}, "SBK": {"time_score": 94.0, "price_score": 7.8183316550222015, "in_time": 97.0, "out_time": 39.0}, "SEA": {"time_score": 61.0, "price_score": 11.401048051044402, "in_time": 29.0, "out_time": 74.0}, "SEC": {"time_score": 72.0, "price_score": 8.042679042157994, "in_time": 52.0, "out_time": 62.0}, "SHD": {"time_score": 65.0, "price_score": 19.884643691843713, "in_time": 69.0, "out_time": 38.0}, "SKS": {"time_score": 105.0, "price_score": 18.80015278004846, "in_time": 29.0, "out_time": 118.0}, "STK": {"time_score": 77.0, "price_score": 6.877373914794065, "in_time": 66.0, "out_time": 53.0}, "SUN": {"time_score": 45.0, "price_score": 16.092579591486814, "in_time": 21.0, "out_time": 66.0}, "TBY": {"time_score": 45.0, "price_score": 6.095595518842911, "in_time": 63.0, "out_time": 24.0}, "THI": {"time_score": 28.0, "price_score": 31.518779872868038, "in_time": 63.0, "out_time": 7.0}, "WYM": {"time_score": 86.0, "price_score": 15.60026537667421, "in_time": 19.0, "out_time": 109.0}, "YRM": {"time_score": 62.0, "price_score": 18.93171295337711, "in_time": 90.0, "out_time": 14.0}}