{"ALW": {"time_score": 42.0, "price_score": 4.64433686715811, "in_time": 55.0, "out_time": 14.0}, "BIA": {"time_score": 74.0, "price_score": 6.289300998805971, "in_time": 75.0, "out_time": 26.0}, "BIL": {"time_score": 72.0, "price_score": 5.346455500310483, "in_time": 59.0, "out_time": 40.0}, "BLO": {"time_score": 46.0, "price_score": 12.334293783471722, "in_time": 13.0, "out_time": 60.0}, "DAR": {"time_score": 0.0, "price_score": 4.3, "in_time": 27.0, "out_time": 0.0}, "DND": {"time_score": 28.0, "price_score": 9.59002892149729, "in_time": 47.0, "out_time": 8.0}, "DOT": {"time_score": 29.0, "price_score": 12.366864033253748, "in_time": 5.0, "out_time": 51.0}, "EAG": {"time_score": 46.0, "price_score": 4.5878672364888144, "in_time": 56.0, "out_time": 17.0}, "HEI": {"time_score": 46.0, "price_score": 10.956528269716848, "in_time": 61.0, "out_time": 12.0}, "HEW": {"time_score": 26.0, "price_score": 10.464207085991632, "in_time": 6.0, "out_time": 47.0}, "HPL": {"time_score": 67.0, "price_score": 4.030631692211605, "in_time": 43.0, "out_time": 51.0}, "MAS": {"time_score": 19.0, "price_score": 9.918549733280257, "in_time": 2.0, "out_time": 44.0}, "MCE": {"time_score": 29.0, "price_score": 11.887297299910434, "in_time": 7.0, "out_time": 49.0}, "NAY": {"time_score": 54.0, "price_score": 8.987702349469913, "in_time": 65.0, "out_time": 16.0}, "NRD": {"time_score": 31.0, "price_score": 10.162249990882884, "in_time": 54.0, "out_time": 4.0}, "PRU": {"time_score": 55.0, "price_score": 13.385235908499384, "in_time": 19.0, "out_time": 63.0}, "SEA": {"time_score": 72.0, "price_score": 8.512084616735613, "in_time": 29.0, "out_time": 70.0}, "SHD": {"time_score": 62.0, "price_score": 7.771899008417514, "in_time": 69.0, "out_time": 20.0}, "STK": {"time_score": 72.0, "price_score": 4.906901941382159, "in_time": 66.0, "out_time": 33.0}, "SUN": {"time_score": 54.0, "price_score": 13.07536270087238, "in_time": 21.0, "out_time": 60.0}, "TBY": {"time_score": 58.0, "price_score": 4.352854618883808, "in_time": 63.0, "out_time": 22.0}}