{"APY": {"time_score": 52.0, "price_score": 22.993927926795436, "in_time": 111.0, "out_time": 13.0}, "BDI": {"time_score": 47.0, "price_score": 39.67193505071798, "in_time": 100.0, "out_time": 19.0}, "BDQ": {"time_score": 74.0, "price_score": 40.07234196304998, "in_time": 121.0, "out_time": 25.0}, "BEY": {"time_score": 78.0, "price_score": 10.100456912273891, "in_time": 123.0, "out_time": 27.0}, "BIY": {"time_score": 55.0, "price_score": 17.473929672691096, "in_time": 106.0, "out_time": 21.0}, "BLD": {"time_score": 94.0, "price_score": 46.900789670431365, "in_time": 125.0, "out_time": 41.0}, "BLE": {"time_score": 25.0, "price_score": 32.113862520377424, "in_time": 88.0, "out_time": 9.0}, "BTL": {"time_score": 42.0, "price_score": 13.795555176831867, "in_time": 99.0, "out_time": 15.0}, "BUW": {"time_score": 69.0, "price_score": 10.494521311302677, "in_time": 119.0, "out_time": 22.0}, "BUY": {"time_score": 29.0, "price_score": 32.76393124700837, "in_time": 94.0, "out_time": 7.0}, "CFD": {"time_score": 2.0, "price_score": 37.049924178471336, "in_time": 54.0, "out_time": 20.0}, "CFL": {"time_score": 68.0, "price_score": 17.799639444218563, "in_time": 116.0, "out_time": 24.0}, "CHF": {"time_score": 45.0, "price_score": 19.402274541092535, "in_time": 45.0, "out_time": 72.0}, "COT": {"time_score": 37.0, "price_score": 22.631552727435704, "in_time": 102.0, "out_time": 7.0}, "CRG": {"time_score": 66.0, "price_score": 24.621009179874655, "in_time": 123.0, "out_time": 15.0}, "CTL": {"time_score": 29.0, "price_score": 17.02430272155296, "in_time": 48.0, "out_time": 53.0}, "EGF": {"time_score": 76.0, "price_score": 27.74211870667956, "in_time": 106.0, "out_time": 42.0}, "FZH": {"time_score": 66.0, "price_score": 41.748701846402945, "in_time": 116.0, "out_time": 22.0}, "GRF": {"time_score": 76.0, "price_score": 27.938753880376247, "in_time": 115.0, "out_time": 33.0}, "GSY": {"time_score": 56.0, "price_score": 13.428257880700512, "in_time": 113.0, "out_time": 15.0}, "HBP": {"time_score": 28.0, "price_score": 9.97412578763563, "in_time": 68.0, "out_time": 32.0}, "HDY": {"time_score": 29.0, "price_score": 33.064502969407336, "in_time": 92.0, "out_time": 9.0}, "HGT": {"time_score": 23.0, "price_score": 9.891355715963874, "in_time": 64.0, "out_time": 31.0}, "HMM": {"time_score": 29.0, "price_score": 17.159751305040693, "in_time": 44.0, "out_time": 57.0}, "HRS": {"time_score": 27.0, "price_score": 22.27559467831569, "in_time": 87.0, "out_time": 12.0}, "ILK": {"time_score": 86.0, "price_score": 11.320459816777221, "in_time": 129.0, "out_time": 29.0}, "KLF": {"time_score": 52.0, "price_score": 23.283171710460486, "in_time": 116.0, "out_time": 8.0}, "KNA": {"time_score": 29.0, "price_score": 9.713006361288274, "in_time": 56.0, "out_time": 45.0}, "LDS": {"time_score": 0.0, "price_score": 23.9, "in_time": 72.0, "out_time": 0.0}, "LMR": {"time_score": 71.0, "price_score": 24.65648766743863, "in_time": 113.0, "out_time": 30.0}, "MIK": {"time_score": 76.0, "price_score": 27.73902033645034, "in_time": 96.0, "out_time": 52.0}, "MLY": {"time_score": 30.0, "price_score": 21.940560482542207, "in_time": 93.0, "out_time": 9.0}, "MNN": {"time_score": 63.0, "price_score": 12.321222538071035, "in_time": 117.0, "out_time": 18.0}, "NOR": {"time_score": 46.0, "price_score": 33.39478511539268, "in_time": 91.0, "out_time": 27.0}, "NPD": {"time_score": 30.0, "price_score": 40.9855734158889, "in_time": 92.0, "out_time": 10.0}, "OUT": {"time_score": 37.0, "price_score": 22.315376817033613, "in_time": 98.0, "out_time": 11.0}, "PNL": {"time_score": 29.0, "price_score": 9.983490254746128, "in_time": 74.0, "out_time": 27.0}, "POP": {"time_score": 24.0, "price_score": 16.73988959957265, "in_time": 36.0, "out_time": 60.0}, "SAE": {"time_score": 54.0, "price_score": 17.237457198144032, "in_time": 109.0, "out_time": 17.0}, "SBE": {"time_score": 29.0, "price_score": 10.283793192689151, "in_time": 60.0, "out_time": 41.0}, "SHY": {"time_score": 45.0, "price_score": 17.095285872547368, "in_time": 101.0, "out_time": 16.0}, "SIE": {"time_score": 61.0, "price_score": 18.292926148356027, "in_time": 50.0, "out_time": 83.0}, "SOM": {"time_score": 107.0, "price_score": 32.54947297971172, "in_time": 112.0, "out_time": 67.0}, "THI": {"time_score": -2.0, "price_score": 7.5956971024169295, "in_time": 7.0, "out_time": 63.0}, "ULL": {"time_score": 48.0, "price_score": 20.57334791363635, "in_time": 44.0, "out_time": 76.0}, "WDS": {"time_score": 30.0, "price_score": 30.153110083541698, "in_time": 91.0, "out_time": 11.0}, "WET": {"time_score": 29.0, "price_score": 11.305343866036907, "in_time": 79.0, "out_time": 22.0}, "YRK": {"time_score": -11.0, "price_score": 12.33356510824049, "in_time": 19.0, "out_time": 42.0}}