{"HMM": {"time_score": 40.0, "price_score": 12.70196869120802, "in_time": 43.0, "out_time": 15.0}, "KNA": {"time_score": 64.0, "price_score": 9.038338016269599, "in_time": 55.0, "out_time": 27.0}, "POP": {"time_score": 25.0, "price_score": 18.885393282721836, "in_time": 35.0, "out_time": 8.0}, "SBE": {"time_score": 73.0, "price_score": 9.891131772065489, "in_time": 59.0, "out_time": 32.0}, "THI": {"time_score": 5.0, "price_score": 8.249027934170385, "in_time": 7.0, "out_time": 16.0}, "YRK": {"time_score": 0.0, "price_score": 6.1, "in_time": 18.0, "out_time": 0.0}}