{"BLE": {"time_score": 30.0, "price_score": 5.31573845870229, "in_time": 61.0, "out_time": 9.0}, "BUY": {"time_score": 42.0, "price_score": 7.051299158987116, "in_time": 75.0, "out_time": 7.0}, "CFD": {"time_score": 71.0, "price_score": 12.942901230421736, "in_time": 91.0, "out_time": 20.0}, "CHF": {"time_score": 49.0, "price_score": 13.348669305105188, "in_time": 17.0, "out_time": 72.0}, "COT": {"time_score": 62.0, "price_score": 7.2367366473702, "in_time": 95.0, "out_time": 7.0}, "CRG": {"time_score": 41.0, "price_score": 17.193746793815027, "in_time": 66.0, "out_time": 15.0}, "EGF": {"time_score": 47.0, "price_score": 12.829757401597446, "in_time": 45.0, "out_time": 42.0}, "FEA": {"time_score": 86.0, "price_score": 12.972273288394778, "in_time": 94.0, "out_time": 32.0}, "GLH": {"time_score": 70.0, "price_score": 12.102817989891708, "in_time": 82.0, "out_time": 28.0}, "GRF": {"time_score": 47.0, "price_score": 12.88912382506743, "in_time": 54.0, "out_time": 33.0}, "HDY": {"time_score": 47.0, "price_score": 7.010806785620355, "in_time": 78.0, "out_time": 9.0}, "HEL": {"time_score": 116.0, "price_score": 11.106709184307329, "in_time": 106.0, "out_time": 50.0}, "KLF": {"time_score": 28.0, "price_score": 6.7393136096045465, "in_time": 60.0, "out_time": 8.0}, "KNO": {"time_score": 92.0, "price_score": 8.697949265422846, "in_time": 94.0, "out_time": 38.0}, "LDS": {"time_score": 0.0, "price_score": 5.7, "in_time": 40.0, "out_time": 0.0}, "MIK": {"time_score": 47.0, "price_score": 12.035728151593249, "in_time": 35.0, "out_time": 52.0}, "MLY": {"time_score": 36.0, "price_score": 7.208632042998224, "in_time": 67.0, "out_time": 9.0}, "NOR": {"time_score": 83.0, "price_score": 15.091489774137013, "in_time": 96.0, "out_time": 27.0}, "OUT": {"time_score": 41.0, "price_score": 11.089886442596192, "in_time": 70.0, "out_time": 11.0}, "PFM": {"time_score": 80.0, "price_score": 10.219755142251888, "in_time": 87.0, "out_time": 33.0}, "PFR": {"time_score": 181.0, "price_score": 21.268020971881512, "in_time": 123.0, "out_time": 98.0}, "POT": {"time_score": 102.0, "price_score": 10.862648137071162, "in_time": 105.0, "out_time": 37.0}, "SHC": {"time_score": 79.0, "price_score": 16.24540824423323, "in_time": 90.0, "out_time": 29.0}, "SIE": {"time_score": 56.0, "price_score": 10.84473084300446, "in_time": 13.0, "out_time": 83.0}, "SOM": {"time_score": 47.0, "price_score": 12.84174609731551, "in_time": 20.0, "out_time": 67.0}, "ULL": {"time_score": 59.0, "price_score": 14.334754038417806, "in_time": 23.0, "out_time": 76.0}, "WBD": {"time_score": 117.0, "price_score": 11.234739030622215, "in_time": 110.0, "out_time": 47.0}, "WDS": {"time_score": 49.0, "price_score": 12.475693463920662, "in_time": 78.0, "out_time": 11.0}, "WKF": {"time_score": 24.0, "price_score": 9.58562889778316, "in_time": 51.0, "out_time": 13.0}, "WKK": {"time_score": 44.0, "price_score": 12.78649590643273, "in_time": 67.0, "out_time": 17.0}}