{"JCH": {"time_score": 30.0, "price_score": 23.998628769835467, "in_time": 12.0, "out_time": 69.0}, "KLD": {"time_score": 92.0, "price_score": 17.802425942357434, "in_time": 44.0, "out_time": 99.0}, "KNA": {"time_score": 73.0, "price_score": 27.928891436681457, "in_time": 97.0, "out_time": 27.0}, "LGK": {"time_score": 57.0, "price_score": 21.36460909788149, "in_time": 24.0, "out_time": 84.0}, "LHM": {"time_score": 134.0, "price_score": 15.821122160456598, "in_time": 65.0, "out_time": 120.0}, "MBR": {"time_score": 13.0, "price_score": 6.1821219195886385, "in_time": 7.0, "out_time": 57.0}, "MLT": {"time_score": 74.0, "price_score": 17.048304711821476, "in_time": 99.0, "out_time": 26.0}, "MSK": {"time_score": 63.0, "price_score": 21.472875738547103, "in_time": 28.0, "out_time": 86.0}, "MTO": {"time_score": 35.0, "price_score": 22.577416583231095, "in_time": 15.0, "out_time": 71.0}, "NNT": {"time_score": 46.0, "price_score": 23.35274035516235, "in_time": 21.0, "out_time": 76.0}, "NRD": {"time_score": 16.0, "price_score": 14.82970651452176, "in_time": 27.0, "out_time": 40.0}, "NTR": {"time_score": -8.0, "price_score": 15.024928183908349, "in_time": 24.0, "out_time": 19.0}, "POP": {"time_score": 33.0, "price_score": 22.48065543839005, "in_time": 77.0, "out_time": 7.0}, "RCC": {"time_score": 45.0, "price_score": 6.013422100442675, "in_time": 18.0, "out_time": 78.0}, "RCE": {"time_score": 51.0, "price_score": 20.61850901645933, "in_time": 21.0, "out_time": 81.0}, "SBE": {"time_score": 82.0, "price_score": 31.95772294098833, "in_time": 101.0, "out_time": 32.0}, "SBK": {"time_score": 44.0, "price_score": 21.26641327499791, "in_time": 24.0, "out_time": 71.0}, "SEC": {"time_score": 52.0, "price_score": 14.374660967025768, "in_time": 18.0, "out_time": 85.0}, "SLB": {"time_score": 73.0, "price_score": 21.794628080721353, "in_time": 33.0, "out_time": 91.0}, "STK": {"time_score": 25.0, "price_score": 22.749985575258485, "in_time": 5.0, "out_time": 71.0}, "THI": {"time_score": -2.0, "price_score": 12.578592105097737, "in_time": 32.0, "out_time": 17.0}, "ULL": {"time_score": 50.0, "price_score": 18.886431638325956, "in_time": 90.0, "out_time": 11.0}, "YRK": {"time_score": 0.0, "price_score": 21.4, "in_time": 51.0, "out_time": 0.0}, "YRM": {"time_score": -1.0, "price_score": 8.727954785688171, "in_time": 9.0, "out_time": 41.0}}