{"BLE": {"time_score": 30.0, "price_score": 16.47361858844816, "in_time": 45.0, "out_time": 9.0}, "BUY": {"time_score": 26.0, "price_score": 6.759863978184093, "in_time": 43.0, "out_time": 7.0}, "CFD": {"time_score": 20.0, "price_score": 5.830192763692087, "in_time": 24.0, "out_time": 20.0}, "CHF": {"time_score": 6.0, "price_score": 4.85863780938757, "in_time": 11.0, "out_time": 19.0}, "COT": {"time_score": 72.0, "price_score": 18.108302556293847, "in_time": 76.0, "out_time": 20.0}, "CRG": {"time_score": 7.0, "price_score": 6.150231638821863, "in_time": 24.0, "out_time": 7.0}, "CTL": {"time_score": 44.0, "price_score": 7.294864989326752, "in_time": 17.0, "out_time": 51.0}, "EGF": {"time_score": 8.0, "price_score": 6.945530433421182, "in_time": 18.0, "out_time": 14.0}, "GRF": {"time_score": 5.0, "price_score": 6.837178621720298, "in_time": 19.0, "out_time": 10.0}, "KLF": {"time_score": 39.0, "price_score": 12.857426090287937, "in_time": 55.0, "out_time": 8.0}, "LDS": {"time_score": 0.0, "price_score": 4.4, "in_time": 24.0, "out_time": 0.0}, "MIK": {"time_score": 8.0, "price_score": 6.264630066152157, "in_time": 14.0, "out_time": 18.0}, "MLY": {"time_score": 52.0, "price_score": 17.556071228414137, "in_time": 56.0, "out_time": 20.0}, "OUT": {"time_score": 32.0, "price_score": 11.377940275315485, "in_time": 45.0, "out_time": 11.0}, "PNL": {"time_score": 46.0, "price_score": 7.174990966111973, "in_time": 43.0, "out_time": 27.0}, "POP": {"time_score": 21.0, "price_score": 7.339138131551327, "in_time": 5.0, "out_time": 40.0}, "SIE": {"time_score": 47.0, "price_score": 4.295922826071749, "in_time": 16.0, "out_time": 55.0}}